SALE TYPE,SOLD DATE,PROPERTY TYPE,ADDRESS,CITY,STATE OR PROVINCE,ZIP OR POSTAL CODE,PRICE,BEDS,BATHS,LOCATION,SQUARE FEET,LOT SIZE,YEAR BUILT,DAYS ON MARKET,$/SQUARE FEET,HOA/MONTH,STATUS,NEXT OPEN HOUSE START TIME,NEXT OPEN HOUSE END TIME,URL (SEE http://www.redfin.com/buy-a-home/comparative-market-analysis FOR INFO ON PRICING),SOURCE,MLS#,FAVORITE,INTERESTED,LATITUDE,LONGITUDE
PAST SALE,June-30-2017,Single Family Residential,1108 San Antonio Blvd,Durham,NC,27703,274900,3,2.5,Brightleaf,2108,7492,2016,1057,130,89,Sold,,,http://www.redfin.com/NC/Durham/1108-San-Antonio-Blvd-27703/home/109463445,TMLS,2129012,N,Y,35.9544295,-78.80519
PAST SALE,November-4-2019,Townhouse,109 Brier Crossings Loop,Durham,NC,27703,255000,3,2.5,Townes at Brier Creek Crossing,1526,2003,2014,200,167,148,Sold,,,http://www.redfin.com/NC/Durham/109-Brier-Crossings-Loop-27703/home/49676135,TMLS,2277897,N,Y,35.9246273,-78.7817182
PAST SALE,May-31-2019,Single Family Residential,2071 Tanners Mill Dr,Durham,NC,27703,266000,3,2.5,Hanover Pointe,1934,4835,2014,357,138,40,Sold,,,http://www.redfin.com/NC/Durham/2071-Tanners-Mill-Dr-27703/home/103501245,TMLS,2248525,N,Y,35.9656148,-78.8352782
PAST SALE,June-20-2018,Single Family Residential,1054 Spacious Skies Ln,Durham,NC,27703,260000,3,2.5,Hanover Pointe,2012,3659,2015,702,129,40,Sold,,,http://www.redfin.com/NC/Durham/1054-Spacious-Skies-Ln-27703/home/79095251,TMLS,2190579,N,Y,35.963018,-78.8370367
PAST SALE,October-24-2017,Single Family Residential,1924 Hart St,Durham,NC,27703,265000,3,2.5,Old East Durham,1457,5227,2017,941,182,,Sold,,,http://www.redfin.com/NC/Durham/1924-Hart-St-27703/home/143037772,TMLS,2142863,N,Y,35.9840336,-78.8785801
PAST SALE,June-23-2017,Single Family Residential,3519 Appling Way,Durham,NC,27703,265000,3,2.5,Magnolia Place,2248,9583,2001,1064,118,38,Sold,,,http://www.redfin.com/NC/Durham/3519-Appling-Way-27703/home/43589131,TMLS,2122386,N,Y,35.9310369,-78.8222706
PAST SALE,June-16-2017,Townhouse,115 Torrey Heights Ln,Durham,NC,27703,256000,3,2.5,Brier Village,2019,3920,2013,1071,127,133,Sold,,,http://www.redfin.com/NC/Durham/115-Torrey-Heights-Ln-27703/home/45441102,TMLS,2126976,N,Y,35.9201282,-78.8139519
PAST SALE,January-5-2018,Single Family Residential,1011 Thoughtful Spot Ln,Durham,NC,27703,251000,3,2.5,Hanover Pointe,2418,5052,2015,868,104,40,Sold,,,http://www.redfin.com/NC/Durham/1011-Thoughtful-Spot-Ln-27703/home/104514697,TMLS,2152700,N,Y,35.9648562,-78.8374902
PAST SALE,September-21-2017,Single Family Residential,1602 Magnolia Oak Pl,Durham,NC,27703,252000,3,2.5,Magnolia Place,1958,15681,2004,974,129,38,Sold,,,http://www.redfin.com/NC/Durham/1602-Magnolia-Oak-Pl-27703/home/43587622,TMLS,2141348,N,Y,35.9333623,-78.8206335
PAST SALE,June-2-2017,Single Family Residential,412 Callandale Ln,Durham,NC,27703,252500,3,2.5,Ashton Hall,2444,5924,2014,1085,103,60,Sold,,,http://www.redfin.com/NC/Durham/412-Callandale-Ln-27703/home/49676330,TMLS,2108124,N,Y,35.9601199,-78.8322255
PAST SALE,December-7-2017,Single Family Residential,1318 San Antonio Blvd,Durham,NC,27703,273000,3,2.0,Brightleaf,1570,13982,2017,897,174,88,Sold,,,http://www.redfin.com/NC/Durham/1318-San-Antonio-Blvd-27703/home/144289049,TMLS,2163693,N,Y,35.95524,-78.803377
PAST SALE,June-1-2017,Single Family Residential,7 Waterview Ct,Durham,NC,27703,255000,3,2.5,Lakeside,2532,16552,1991,1086,101,52,Sold,,,http://www.redfin.com/NC/Durham/7-Waterview-Ct-27703/home/43565827,TMLS,2126028,N,Y,35.9693091,-78.8120049
PAST SALE,December-15-2017,Townhouse,226 Zante Currant Rd,Durham,NC,27703,250199,3,2.5,Durham,1820,3484,2017,889,137,120,Sold,,,http://www.redfin.com/NC/Durham/226-Zante-Currant-Rd-27703/home/110075644,TMLS,2136071,N,Y,35.9461346,-78.8719202
PAST SALE,September-1-2017,Single Family Residential,2021 Hickory Nut Dr,Durham,NC,27703,269900,3,2.0,Durham,1690,20037,2017,994,160,,Sold,,,http://www.redfin.com/NC/Durham/2021-Hickory-Nut-Dr-27703/home/43559587,TMLS,2128697,N,Y,35.9491896,-78.8729638
PAST SALE,July-27-2017,Single Family Residential,2031 October Dr,Durham,NC,27703,251000,3,2.5,Hanover Pointe,2404,4399,2014,1030,104,40,Sold,,,http://www.redfin.com/NC/Durham/2031-October-Dr-27703/home/65111784,TMLS,2131693,N,Y,35.9642163,-78.8351454
PAST SALE,May-26-2017,Single Family Residential,1932 Rustica Dr,Durham,NC,27713,275000,3,2.5,Rustica Oaks,2557,7187,2015,1092,108,35,Sold,,,http://www.redfin.com/NC/Durham/1932-Rustica-Dr-27713/home/103501325,TMLS,2103769,N,Y,35.9470963,-78.8788896
PAST SALE,July-5-2017,Single Family Residential,510 Spruce St,Durham,NC,27703-2038,272250,3,2.0,Durham,1361,8668,1956,1052,200,,Sold,,,http://www.redfin.com/NC/Durham/510-Spruce-St-27703/home/43594697,TMLS,2128887,N,Y,35.991047,-78.879599
PAST SALE,October-12-2017,Single Family Residential,2109 Woodsdale Dr,Durham,NC,27703,266500,3,2.5,Brightleaf,1949,11325,2007,953,137,88,Sold,,,http://www.redfin.com/NC/Durham/2109-Woodsdale-Dr-27703/home/43606014,TMLS,2147885,N,Y,35.9522309,-78.8117394
PAST SALE,August-22-2017,Single Family Residential,210 Dogwood Blossoms Dr,Durham,NC,27703,250187,3,2.5,Rustica Oaks,2231,5619,2017,1004,112,35,Sold,,,http://www.redfin.com/NC/Durham/210-Dogwood-Blossoms-Dr-27703/home/110075145,TMLS,2089232,N,Y,35.9482419,-78.8772092
PAST SALE,June-2-2017,Single Family Residential,108 Maple Walk St,Durham,NC,27703,251683,3,2.5,Rustica Oaks,1876,5140,2017,1085,134,35,Sold,,,http://www.redfin.com/NC/Durham/108-Maple-Walk-St-27703/home/110075238,TMLS,2091394,N,Y,35.9472286,-78.8776072
PAST SALE,October-31-2017,Single Family Residential,1920 Hart St,Durham,NC,27703,270000,3,2.5,Old East Durham,1516,5227,2017,934,178,,Sold,,,http://www.redfin.com/NC/Durham/1920-Hart-St-27703/home/43531127,TMLS,2142860,N,Y,35.9840113,-78.8787034
PAST SALE,December-11-2017,Single Family Residential,1310 Willowcrest Rd,Durham,NC,27703-9471,265000,3,2.5,Ashton Hall,2450,5662,2011,893,108,60,Sold,,,http://www.redfin.com/NC/Durham/1310-Willowcrest-Rd-27703/home/43613146,TMLS,2159192,N,Y,35.9613438,-78.8269163
PAST SALE,August-18-2017,Single Family Residential,3424 Flat River Dr,Durham,NC,27703,275000,3,2.5,Brightleaf,1994,6098,2017,1008,138,87,Sold,,,http://www.redfin.com/NC/Durham/3424-Flat-River-Dr-27703/home/110075869,TMLS,2137283,N,Y,35.9529817,-78.8070245
PAST SALE,October-30-2017,Townhouse,240 Lynchwick Ln,Durham,NC,27703,270000,3,2.5,Townes at Brier Creek Crossing,1766,2613,2016,935,153,123,Sold,,,http://www.redfin.com/NC/Durham/240-Lynchwick-Ln-27703/home/59280505,TMLS,2149866,N,Y,35.9222799,-78.7826357
PAST SALE,May-25-2018,Townhouse,335 Roche Dr Unit 1006B,Durham,NC,27703,262385,3,3.5,Durham,2417,,2017,728,109,125,Sold,,,http://www.redfin.com/NC/Durham/335-Roche-Dr-27703/unit-1006B/home/143392648,TMLS,2146921,N,Y,35.913149,-78.824548
PAST SALE,June-27-2018,Townhouse,128 Zante Currant Rd,Durham,NC,27703,258819,3,2.5,Durham,1820,3484,2018,695,142,142,Sold,,,http://www.redfin.com/NC/Durham/128-Zante-Currant-Rd-27703/home/110076031,TMLS,2193071,N,Y,35.94472,-78.8717016
PAST SALE,January-31-2018,Single Family Residential,413 Nichols Farm Dr,Durham,NC,27703,262000,3,2.5,Grove Park,2127,14374,1989,842,123,52,Sold,,,http://www.redfin.com/NC/Durham/413-Nichols-Farm-Dr-27703/home/43565587,TMLS,2155784,N,Y,35.9746689,-78.8109429
PAST SALE,February-23-2018,Single Family Residential,1110 High Fox Dr,Durham,NC,27703,265000,3,2.5,Ashton Hall,2433,10018,2013,819,109,60,Sold,,,http://www.redfin.com/NC/Durham/1110-High-Fox-Dr-27703/home/43612676,TMLS,2157190,N,Y,35.9632136,-78.8262527
PAST SALE,August-30-2017,Single Family Residential,141 Daneborg Rd,Durham,NC,27703,262500,3,2.5,Orchard Ridge,2550,5662,2012,996,103,45,Sold,,,http://www.redfin.com/NC/Durham/141-Daneborg-Rd-27703/home/43612872,TMLS,2141072,N,Y,35.959581,-78.825589
PAST SALE,March-1-2018,Single Family Residential,207 Weslyn Trce,Durham,NC,27703,251000,3,2.0,Grove Park,2198,8494,1998,813,114,52,Sold,,,http://www.redfin.com/NC/Durham/207-Weslyn-Trace-Dr-27703/home/43588112,TMLS,2134240,N,Y,35.9819353,-78.8140847
PAST SALE,June-14-2018,Single Family Residential,402 Ashburn Ln,Durham,NC,27703,250000,3,2.5,Ravenstone,2254,10236,2004,708,111,,Sold,,,http://www.redfin.com/NC/Durham/402-Ashburn-Ln-27703/home/43595698,TMLS,2191458,N,Y,35.9719393,-78.7948783
PAST SALE,June-18-2018,Single Family Residential,2010 Woodsdale Dr,Durham,NC,27703,267900,3,2.5,Brightleaf,1993,6708,2008,704,134,50,Sold,,,http://www.redfin.com/NC/Durham/2010-Woodsdale-Dr-27703/home/43608834,TMLS,2190552,N,Y,35.9517559,-78.8120491
PAST SALE,March-5-2018,Single Family Residential,9 Olde Union Ct,Durham,NC,27703,250000,3,2.5,Ashton Hall,2030,5227,2011,809,123,60,Sold,,,http://www.redfin.com/NC/Durham/9-Olde-Union-Ct-27703/home/43613151,TMLS,2165921,N,Y,35.9615279,-78.8275358
PAST SALE,April-20-2018,Single Family Residential,1913 Woodsdale Dr,Durham,NC,27703,252000,3,2.5,Brightleaf,1653,12196,2007,763,152,40,Sold,,,http://www.redfin.com/NC/Durham/1913-Woodsdale-Dr-27703/home/43605527,TMLS,2174508,N,Y,35.9516831,-78.8135094
PAST SALE,May-26-2017,Single Family Residential,1029 Laredo Ln,Durham,NC,27703,263000,3,2.0,Brightleaf,1562,5488,2016,1092,168,88,Sold,,,http://www.redfin.com/NC/Durham/1029-Laredo-Ln-27703/home/103502248,TMLS,2118930,N,Y,35.954157,-78.8069823
PAST SALE,November-21-2017,Single Family Residential,632 Hiddenbrook Dr,Durham,NC,27703,257731,3,2.5,Sherron Farms,2213,,2017,913,116,45,Sold,,,http://www.redfin.com/NC/Durham/632-Hiddenbrook-Dr-27703/home/121685084,TMLS,2134026,N,Y,35.967678,-78.796589
PAST SALE,January-3-2018,Single Family Residential,1812 Cedar Grove Dr,Durham,NC,27703,267000,3,2.5,Alexander Crossing,2697,9408,2005,870,99,29,Sold,,,http://www.redfin.com/NC/Durham/1812-Cedar-Grove-Dr-27703/home/43596953,TMLS,2161195,N,Y,35.9251202,-78.8268955
PAST SALE,June-23-2017,Single Family Residential,2801 Thoreau Dr,Durham,NC,27703,250000,3,2.5,Bradbury,3007,16639,2004,1064,83,19,Sold,,,http://www.redfin.com/NC/Durham/2801-Thoreau-Dr-27703/home/43602166,TMLS,2128215,N,Y,35.928041,-78.8373189
PAST SALE,May-31-2018,Single Family Residential,2029 Tanners Mill Dr,Durham,NC,27703,273000,3,2.5,Hanover Pointe,2228,4356,2015,722,123,40,Sold,,,http://www.redfin.com/NC/Durham/2029-Tanners-Mill-Dr-27703/home/96057368,TMLS,2186879,N,Y,35.9657227,-78.8377642
PAST SALE,March-6-2018,Single Family Residential,1002 Thoughtful Spot Ln,Durham,NC,27703,258000,3,2.5,Hanover Pointe,2036,5662,2015,808,127,40,Sold,,,http://www.redfin.com/NC/Durham/1002-Thoughtful-Spot-Ln-27703/home/103502069,TMLS,2169908,N,Y,35.9654018,-78.8379326
PAST SALE,May-15-2018,Single Family Residential,304 Winward Pointe Dr,Durham,NC,27703,250000,3,2.5,Grove Park,1917,6969,1998,738,130,52,Sold,,,http://www.redfin.com/NC/Durham/304-Winward-Pointe-Dr-27703/home/43568937,TMLS,2170919,N,Y,35.9758405,-78.8158104
PAST SALE,February-23-2018,Single Family Residential,6 Spinnaker Ct,Durham,NC,27703,250000,3,2.5,Grove Park,1725,8799,1998,819,145,52,Sold,,,http://www.redfin.com/NC/Durham/6-Spinnaker-Ct-27703/home/43568446,TMLS,2168990,N,Y,35.9754716,-78.8150139
PAST SALE,August-10-2017,Single Family Residential,2028 October Dr,Durham,NC,27703,250000,3,2.5,Hanover Pointe,2405,4965,2014,1016,104,40,Sold,,,http://www.redfin.com/NC/Durham/2028-October-Dr-27703/home/65111823,TMLS,2138214,N,Y,35.9645232,-78.8348358
PAST SALE,March-16-2018,Single Family Residential,6605 Leesville Rd,Durham,NC,27703,260000,3,2.0,Durham,1941,87120,1983,798,134,,Sold,,,http://www.redfin.com/NC/Durham/6605-Leesville-Rd-27703/home/43586283,TMLS,2167191,N,Y,35.934609,-78.774295
PAST SALE,March-28-2018,Townhouse,327 Acorn Hollow Pl,Durham,NC,27703,274630,3,2.5,Durham,1850,2613,2018,786,148,160,Sold,,,http://www.redfin.com/NC/Durham/327-Acorn-Hollow-Pl-27703/home/144041166,TMLS,2163067,N,Y,35.9252233,-78.7799709
PAST SALE,April-30-2018,Townhouse,1108 Smallwood Dr Unit 2008D,Durham,NC,27703,267495,3,2.5,Durham,1742,,2017,753,154,10,Sold,,,http://www.redfin.com/NC/Durham/1108-Smallwood-Dr-27703/unit-2008D/home/138819300,TMLS,2137943,N,Y,35.912688,-78.823742
PAST SALE,May-25-2017,Single Family Residential,3430 Flat River Dr,Durham,NC,27703,261500,3,2.5,Brightleaf,1994,6098,2016,1093,131,88,Sold,,,http://www.redfin.com/NC/Durham/3430-Flat-River-Dr-27703/home/109739770,TMLS,2098482,N,Y,35.9530421,-78.8065176
PAST SALE,April-26-2018,Single Family Residential,2029 October Dr,Durham,NC,27703-7824,260000,3,2.5,Hanover Pointe,2027,5227,2014,757,128,40,Sold,,,http://www.redfin.com/NC/Durham/2029-October-Dr-27703/home/65112018,TMLS,2177627,N,Y,35.964166,-78.835057
PAST SALE,April-30-2018,Single Family Residential,2209 Tanners Mill Dr,Durham,NC,27703,250000,3,2.5,Hanover Pointe,1927,4356,2013,753,130,40,Sold,,,http://www.redfin.com/NC/Durham/2209-Tanners-Mill-Dr-27703/home/49676406,TMLS,2181907,N,Y,35.9655172,-78.8324467
PAST SALE,May-12-2020,Townhouse,112 Tuftin Dr,Durham,NC,27703,256000,3,2.5,Townes at Brier Creek Crossing,1500,2003,2015,10,171,148,Sold,,,http://www.redfin.com/NC/Durham/112-Tuftin-Dr-27703/home/103502080,TMLS,2313062,N,Y,35.9241137,-78.7826178
PAST SALE,November-6-2017,Single Family Residential,1006 Thoughtful Spot Ln,Durham,NC,27703,250000,3,2.5,Hanover Pointe,2411,4965,2015,928,104,40,Sold,,,http://www.redfin.com/NC/Durham/1006-Thoughtful-Spot-Ln-27703/home/103502070,TMLS,2154299,N,Y,35.9651918,-78.8379326
PAST SALE,November-6-2017,Single Family Residential,1605 Angier Ave,Durham,NC,27703,257900,3,2.0,Old East Durham,1567,9147,1920,928,165,,Sold,,,http://www.redfin.com/NC/Durham/1605-Angier-Ave-27703/home/43527490,TMLS,2135617,N,Y,35.9846051,-78.8837733
PAST SALE,,Townhouse,224 Westgrove Ct,Durham,NC,27703,252000,3,2.5,,2017,3920,2011,,125,,,,,http://www.redfin.com/NC/Durham/224-Westgrove-Ct-27703/home/43612721,,,N,Y,35.9205849,-78.8152352
PAST SALE,August-18-2017,Townhouse,115 Acorn Hollow Pl,Durham,NC,27703,270000,3,2.5,Durham,1850,2919,2017,1008,146,160,Sold,,,http://www.redfin.com/NC/Durham/115-Acorn-Hollow-Pl-27703/home/143827250,TMLS,2107853,N,Y,35.922845079133275,-78.7799324222404
PAST SALE,September-15-2017,Single Family Residential,12 Laurel Leaf Ct,Durham,NC,27703,260000,3,2.5,Magnolia Place,2350,10062,2004,980,111,38,Sold,,,http://www.redfin.com/NC/Durham/12-Laurel-Leaf-Ct-27703/home/43593146,TMLS,2131136,N,Y,35.9329309,-78.8252129
PAST SALE,October-16-2017,Single Family Residential,618 Hiddenbrook Dr,Durham,NC,27703,274580,3,2.5,Sherron Farms,2313,5793,2017,949,119,45,Sold,,,http://www.redfin.com/NC/Durham/618-Hiddenbrook-Dr-27703/home/128047708,TMLS,2138937,N,Y,35.968687,-78.796648
PAST SALE,October-31-2017,Townhouse,313 Roche Dr Unit 1004B,Durham,NC,27703,262240,3,3.5,Durham,2417,,2017,934,108,10,Sold,,,http://www.redfin.com/NC/Durham/313-Roche-Dr-27703/unit-1004B/home/145082570,TMLS,2139736,N,Y,35.913801,-78.824543
PAST SALE,August-31-2017,Townhouse,208 Westgrove Ct,Durham,NC,27703-8959,255000,3,2.5,Gleneagles,2001,3876,2011,995,127,133,Sold,,,http://www.redfin.com/NC/Durham/208-Westgrove-Ct-27703/home/43612718,TMLS,2131645,N,Y,35.9208879,-78.8148812
PAST SALE,July-3-2017,Single Family Residential,1008 Byram Rd Lot 150,Durham,NC,27703,263495,3,2.5,Brightwood Trails,2036,6838,2017,1054,129,35,Sold,,,http://www.redfin.com/NC/Durham/1008-Byram-Rd-27703/unit-150/home/161371158,TMLS,2119370,N,Y,35.9663289,-78.7999679
PAST SALE,October-31-2017,Single Family Residential,1314 San Antonio Blvd,Durham,NC,27703,264000,3,2.0,Brightleaf,1570,8929,2017,934,168,88,Sold,,,http://www.redfin.com/NC/Durham/1314-San-Antonio-Blvd-27703/home/144289037,TMLS,2145832,N,Y,35.955123,-78.803736
PAST SALE,May-30-2017,Townhouse,106 Brier Summit Pl Unit WB1003B,Durham,NC,27703,252000,3,3.5,Durham,2037,,2017,1088,124,125,Sold,,,http://www.redfin.com/NC/Durham/106-Brier-Summit-Pl-27703/unit-WB1003B/home/161189071,TMLS,2124410,N,Y,35.914092,-78.824515
PAST SALE,June-22-2017,Townhouse,104 Brier Summit Pl Unit 1003A,Durham,NC,27703,271000,3,2.5,Durham,1742,3484,2017,1065,156,125,Sold,,,http://www.redfin.com/NC/Durham/104-Brier-Summit-Pl-27703/unit-1003A/home/161175474,TMLS,2123592,N,Y,35.914091,-78.824604
PAST SALE,March-2-2018,Townhouse,223 Zante Currant Rd,Durham,NC,27703,274269,3,2.5,Durham,2377,2614,2018,812,115,132,Sold,,,http://www.redfin.com/NC/Durham/223-Zante-Currant-Rd-27703/home/110075522,TMLS,2165805,N,Y,35.9458619,-78.8723955
PAST SALE,June-27-2018,Single Family Residential,1924 Pennypacker Ln #430,Durham,NC,27703,273096,3,2.5,Brightleaf,2385,7274,2018,695,115,88,Sold,,,http://www.redfin.com/NC/Durham/1924-Pennypacker-Ln-27703/unit-430/home/161284760,TMLS,2174034,N,Y,35.9497928,-78.8160044
PAST SALE,August-14-2017,Single Family Residential,8 Piedmont Forest Ct #8,Durham,NC,27703,265000,3,2.5,Linkside,2537,11325,2004,1012,104,47,Sold,,,http://www.redfin.com/NC/Durham/8-Piedmont-Forest-Ct-27703/unit-8/home/161338737,TMLS,2131724,N,Y,35.9816492,-78.8047917
PAST SALE,October-27-2017,Single Family Residential,409 Wellwater Ave,Durham,NC,27703,275000,3,2.5,Sherron Farms,2228,7056,2017,938,123,45,Sold,,,http://www.redfin.com/NC/Durham/409-Wellwater-Ave-27703/home/121444971,TMLS,2133926,N,Y,35.9660755,-78.7930055
PAST SALE,June-29-2018,Single Family Residential,2045 October Dr,Durham,NC,27703-7824,260000,3,2.5,Hanover Pointe,1892,4617,2014,693,137,40,Sold,,,http://www.redfin.com/NC/Durham/2045-October-Dr-27703/home/103501936,TMLS,2184466,N,Y,35.9644258,-78.8355878
PAST SALE,April-2-2018,Single Family Residential,3 Pegram Ct,Durham,NC,27703,267400,3,2.5,Brightleaf,2010,6098,2009,781,133,43,Sold,,,http://www.redfin.com/NC/Durham/3-Pegram-Ct-27703/home/43609170,TMLS,2173120,N,Y,35.9534657,-78.8119164
PAST SALE,June-25-2018,Single Family Residential,106 S Driver St,Durham,NC,27703,262000,3,2.0,Durham,1320,6926,1910,697,198,,Sold,,,http://www.redfin.com/NC/Durham/106-S-Driver-St-27703/home/43527470,TMLS,2186575,N,Y,35.985355,-78.87816
PAST SALE,April-13-2018,Townhouse,234 Lynchwick Ln,Durham,NC,27703,270000,3,2.5,Townes at Brier Creek Crossing,1889,2395,2016,770,143,135,Sold,,,http://www.redfin.com/NC/Durham/234-Lynchwick-Ln-27703/home/59280508,TMLS,2167829,N,Y,35.922465,-78.782496
PAST SALE,July-28-2017,Single Family Residential,207 Dogwood Blossoms Dr,Durham,NC,27703,271531,3,2.5,Rustica Oaks,2231,5445,2017,1029,122,35,Sold,,,http://www.redfin.com/NC/Durham/207-Dogwood-Blossoms-Dr-27703/home/110075309,TMLS,2121214,N,Y,35.9482033,-78.8766691
PAST SALE,August-17-2017,Townhouse,113 Acorn Hollow Pl,Durham,NC,27703,264490,3,2.5,Durham,1850,2918,2017,1009,143,160,Sold,,,http://www.redfin.com/NC/Durham/113-Acorn-Hollow-Pl-27703/home/143827249,TMLS,2107848,N,Y,35.9227486,-78.7799586
PAST SALE,September-22-2017,Single Family Residential,10 Pegram Ct,Durham,NC,27703,265000,3,2.5,Brightleaf,2220,6098,2009,973,119,40,Sold,,,http://www.redfin.com/NC/Durham/10-Pegram-Ct-27703/home/43607140,TMLS,2139614,N,Y,35.9528481,-78.8120491
PAST SALE,October-11-2019,Townhouse,219 Torpoint Rd,Durham,NC,27703,260000,3,2.5,Durham,1601,3484,2016,224,162,148,Sold,,,http://www.redfin.com/NC/Durham/219-Torpoint-Rd-27703/home/107515348,TMLS,2268333,N,Y,35.9457594,-78.8708428
PAST SALE,March-16-2020,Townhouse,114 Comptonfield Dr,Durham,NC,27703,260000,3,2.5,Townes at Brier Creek Crossing,1611,2003,2015,67,161,148,Sold,,,http://www.redfin.com/NC/Durham/114-Comptonfield-Dr-27703/home/66916903,TMLS,2301963,N,Y,35.9240136,-78.7815555
PAST SALE,March-13-2020,Single Family Residential,1814 Vale St,Durham,NC,27703,253500,3,2.0,Cheekland,2127,8189,1920,70,119,,Sold,,,http://www.redfin.com/NC/Durham/1814-Vale-St-27703/home/43530538,TMLS,2298845,N,Y,35.9818249,-78.8809171
PAST SALE,February-28-2020,Townhouse,614 Libson St,Durham,NC,27703,260400,3,2.5,Davis Park,1725,1698,2013,84,151,166,Sold,,,http://www.redfin.com/NC/Durham/614-Libson-St-27703/home/49676177,TMLS,2279941,N,Y,35.8818679,-78.8667146
PAST SALE,October-30-2019,Single Family Residential,4 Indian Head Ct,Durham,NC,27703-9124,255000,3,2.5,Ashley Forest,1800,9321,1989,205,142,34,Sold,,,http://www.redfin.com/NC/Durham/4-Indian-Head-Ct-27703/home/43565695,TMLS,2280564,N,Y,35.9285794,-78.8216069
PAST SALE,April-28-2020,Townhouse,2604 Evanston Ave,Durham,NC,27703-2693,270000,3,2.5,Brier Village,1912,3615,2011,24,141,128,Sold,,,http://www.redfin.com/NC/Durham/2604-Evanston-Ave-27703/home/43611728,TMLS,2305480,N,Y,35.9213623,-78.8139216
PAST SALE,,Townhouse,113 Cross Country Way,Durham,NC,27703,256500,3,2.5,,2082,2744,2018,,123,,,,,http://www.redfin.com/NC/Durham/113-Cross-Country-Way-27703/home/146449189,,,N,Y,35.913303,-78.824277
PAST SALE,June-5-2019,Single Family Residential,118 Glenview Ln,Durham,NC,27703,265000,3,2.5,Ashton Hall,2114,5662,2013,352,125,60,Sold,,,http://www.redfin.com/NC/Durham/118-Glenview-Ln-27703/home/43611674,TMLS,2245027,N,Y,35.962278,-78.8292613
PAST SALE,July-12-2019,Single Family Residential,1047 Spacious Skies Ln,Durham,NC,27703,270000,3,2.5,Hanover Pointe,1947,4356,2015,315,139,44,Sold,,,http://www.redfin.com/NC/Durham/1047-Spacious-Skies-Ln-27703/home/103501796,TMLS,2259641,N,Y,35.9633421,-78.8364616
PAST SALE,August-26-2019,Single Family Residential,2080 Tanners Mill Dr,Durham,NC,27703,269900,3,2.5,Hanover Pointe,1898,4225,2014,270,142,44,Sold,,,http://www.redfin.com/NC/Durham/2080-Tanners-Mill-Dr-27703/home/103501933,TMLS,2262849,N,Y,35.9649474,-78.83488
PAST SALE,November-21-2019,Single Family Residential,13 Pegram Ct,Durham,NC,27703-7970,258000,3,2.5,Brightleaf,1618,12632,2007,183,159,43,Sold,,,http://www.redfin.com/NC/Durham/13-Pegram-Ct-27703/home/43609166,TMLS,2274319,N,Y,35.952836,-78.8114739
PAST SALE,,Townhouse,524 Libson St,Durham,NC,27703,250000,3,2.5,,1737,1742,2013,,144,,,,,http://www.redfin.com/NC/Durham/524-Libson-St-27703/home/49676469,,,N,Y,35.883048,-78.8665065
PAST SALE,April-9-2020,Single Family Residential,1103 Oak Park Dr,Durham,NC,27703,262500,3,2.5,Wyndmoor at the Park,2038,6098,2009,43,129,30,Sold,,,http://www.redfin.com/NC/Durham/1103-Oak-Park-Dr-27703/home/43609709,TMLS,2300755,N,Y,35.9466463,-78.8795804
PAST SALE,December-2-2019,Single Family Residential,1806 S Mineral Springs Rd,Durham,NC,27703,275000,3,1.5,Durham,1549,71569,1960,172,178,,Sold,,,http://www.redfin.com/NC/Durham/1806-S-Mineral-Springs-Rd-27703/home/43565504,TMLS,2282080,N,Y,35.9553784,-78.8349685
PAST SALE,July-1-2019,Single Family Residential,2802 Glover Rd,Durham,NC,27703-5308,270000,3,2.0,Wilmont,1483,60112,1965,326,182,,Sold,,,http://www.redfin.com/NC/Durham/2802-Glover-Rd-27703/home/43563227,TMLS,2256706,N,Y,35.95564,-78.8574844
PAST SALE,August-30-2019,Single Family Residential,1005 Gunston Ln,Durham,NC,27703,271000,3,2.5,Grove Park,2041,10018,1996,266,133,52,Sold,,,http://www.redfin.com/NC/Durham/1005-Gunston-Ln-27703/home/43568788,TMLS,2259351,N,Y,35.9694323,-78.8151024
PAST SALE,February-12-2020,Single Family Residential,422 Princess Anne Dr,Durham,NC,27703,250000,3,2.0,Huskett Acres,1905,21780,1970,100,131,,Sold,,,http://www.redfin.com/NC/Durham/422-Princess-Anne-Dr-27703/home/43541944,TMLS,2294755,N,Y,35.9939672,-78.8436171
PAST SALE,September-29-2017,Single Family Residential,1815 Nellora Ln Lot 152,Durham,NC,27703,263920,3,2.5,Brightwood Trails,2148,10933,2017,966,123,35,Sold,,,http://www.redfin.com/NC/Durham/1815-Nellora-Ln-27703/unit-152/home/161371159,TMLS,2119378,N,Y,35.966485,-78.800203
PAST SALE,July-18-2018,Single Family Residential,613 Poplar St,Durham,NC,27703,263020,3,2.5,Brightwood Trails,1940,8276,2012,674,136,35,Sold,,,http://www.redfin.com/NC/Durham/613-Poplar-St-27703/home/43602382,TMLS,2199545,N,Y,35.9646214,-78.8028003
PAST SALE,August-20-2018,Townhouse,542 Smallwood Dr Unit 2009D,Durham,NC,27703,257580,3,2.5,Durham,1742,,2017,641,148,125,Sold,,,http://www.redfin.com/NC/Durham/542-Smallwood-Dr-27703/unit-2009D/home/161172853,TMLS,2149063,N,Y,35.9128932,-78.8233547
PAST SALE,June-29-2018,Single Family Residential,2065 Tanners Mill Dr,Durham,NC,27703,262000,3,2.5,Hanover Pointe,2007,4356,2014,693,131,40,Sold,,,http://www.redfin.com/NC/Durham/2065-Tanners-Mill-Dr-27703/home/103501484,TMLS,2194498,N,Y,35.9656942,-78.8356763
PAST SALE,,Townhouse,119 Cross Country Way,Durham,NC,27703,253500,3,2.5,,1908,1830,2018,,133,,,,,http://www.redfin.com/NC/Durham/119-Cross-Country-Way-27703/home/146628606,,,N,Y,35.913505,-78.824265
PAST SALE,October-24-2018,Townhouse,110 Zante Currant Rd,Durham,NC,27703,273956,3,2.5,Durham,1820,3484,2018,576,151,132,Sold,,,http://www.redfin.com/NC/Durham/110-Zante-Currant-Rd-27703/home/110076133,TMLS,2178921,N,Y,35.9441722,-78.8716476
PAST SALE,October-1-2018,Single Family Residential,150 Daneborg Rd,Durham,NC,27703,275000,3,2.0,Orchard Ridge,1838,5793,2012,599,150,58,Sold,,,http://www.redfin.com/NC/Durham/150-Daneborg-Rd-27703/home/43612874,TMLS,2210161,N,Y,35.9600901,-78.8247484
PAST SALE,January-31-2020,Single Family Residential,209 Hillview Dr,Durham,NC,27703,269900,3,2.5,Ravenstone,2066,10890,2006,112,131,49,Sold,,,http://www.redfin.com/NC/Durham/209-Hillview-Dr-27703/home/43597316,TMLS,2283128,N,Y,35.9728722,-78.7878409
PAST SALE,July-11-2019,Townhouse,118 Brier Crossings Loop,Durham,NC,27703,262500,3,2.5,Townes at Brier Creek Crossing,1639,2003,2015,316,160,148,Sold,,,http://www.redfin.com/NC/Durham/118-Brier-Crossings-Loop-27703/home/103501401,TMLS,2258324,N,Y,35.9242727,-78.7814085
PAST SALE,March-31-2020,Townhouse,118 Tuftin Dr,Durham,NC,27703,250000,3,2.5,Townes at Brier Creek Crossing,1515,1873,2016,52,165,148,Sold,,,http://www.redfin.com/NC/Durham/118-Tuftin-Dr-27703/home/103768073,TMLS,2280767,N,Y,35.9239593,-78.782651
PAST SALE,May-13-2020,Single Family Residential,204 Stoney Dr,Durham,NC,27703,263000,3,2.5,Grove Park,1951,6969,2003,9,135,52,Sold,,,http://www.redfin.com/NC/Durham/204-Stoney-Dr-27703/home/43589849,TMLS,2313281,N,Y,35.980035,-78.8014726
PAST SALE,December-4-2019,Single Family Residential,3510 Long Ridge Rd,Durham,NC,27703,265000,3,2.0,Ashley Forest,1904,9713,1989,170,139,37,Sold,,,http://www.redfin.com/NC/Durham/3510-Long-Ridge-Rd-27703/home/43563525,TMLS,2275514,N,Y,35.9292855,-78.8205118
PAST SALE,May-1-2020,Single Family Residential,5 Bonham Ct,Durham,NC,27703,267000,3,2.5,Ashley Forest,1796,8712,1990,21,149,34,Sold,,,http://www.redfin.com/NC/Durham/5-Bonham-Ct-27703/home/43563641,TMLS,2308576,N,Y,35.9300099,-78.8229901
PAST SALE,November-6-2019,Townhouse,115 Vickery Hill Ct,Durham,NC,27703,255500,3,2.5,Brier Village,1736,4225,2011,198,147,128,Sold,,,http://www.redfin.com/NC/Durham/115-Vickery-Hill-Ct-27703/home/43613229,TMLS,2282198,N,Y,35.9203591,-78.8181998
PAST SALE,November-22-2019,Townhouse,103 Tuftin Dr,Durham,NC,27703-7799,252500,3,2.5,Townes at Brier Creek Crossing,1516,1873,2015,182,167,148,Sold,,,http://www.redfin.com/NC/Durham/103-Tuftin-Dr-27703/home/87198243,TMLS,2282203,N,Y,35.9244239,-78.7822305
PAST SALE,April-3-2020,Single Family Residential,4526 Cottendale Dr,Durham,NC,27703,268000,3,2.5,Wood Chapel,2164,5662,2008,49,124,25,Sold,,,http://www.redfin.com/NC/Durham/4526-Cottendale-Dr-27703/home/43597998,TMLS,2301329,N,Y,35.9385459,-78.8288926
PAST SALE,September-16-2019,Townhouse,305 Zante Currant Rd,Durham,NC,27703,270000,3,2.5,Durham,1876,2613,2017,249,144,138,Sold,,,http://www.redfin.com/NC/Durham/305-Zante-Currant-Rd-27703/home/110075713,TMLS,2261249,N,Y,35.9463582,-78.872467
PAST SALE,October-4-2019,Single Family Residential,15 Elm Tree Ct,Durham,NC,27703,250000,3,2.5,Wyndmoor at the Park,1851,5662,2008,231,135,30,Sold,,,http://www.redfin.com/NC/Durham/15-Elm-Tree-Ct-27703/home/43605613,TMLS,2272068,N,Y,35.9459023,-78.8790989
PAST SALE,April-6-2020,Single Family Residential,1915 Edgerton Dr,Durham,NC,27703,259431,3,2.5,Durham,1466,11761,2018,46,177,,Sold,,,http://www.redfin.com/NC/Durham/1915-Edgerton-Dr-27703/home/43558634,TMLS,2297608,N,Y,35.95449,-78.875323
PAST SALE,November-21-2018,Single Family Residential,5534 Spindlewood Ct,Durham,NC,27703,259000,3,2.5,Harrington Pines,2108,7056,2002,548,123,18,Sold,,,http://www.redfin.com/NC/Durham/5534-Spindlewood-Ct-27703/home/43595375,TMLS,2220473,N,Y,35.925514,-78.756795
PAST SALE,August-23-2018,Townhouse,104 Torrey Heights Ln,Durham,NC,27703-8955,270000,3,2.5,Brier Village,1886,3484,2012,638,143,128,Sold,,,http://www.redfin.com/NC/Durham/104-Torrey-Heights-Ln-27703/home/49676218,TMLS,2204682,N,Y,35.9208089,-78.8140404
PAST SALE,February-4-2019,Townhouse,1008 Beyer Pl #307,Durham,NC,27703,262770,3,2.5,Durham,1682,1785,2018,473,156,165,Sold,,,http://www.redfin.com/NC/Oak-Grove/1008-Beyer-Pl-27703/unit-307/home/161266814,TMLS,2211431,N,Y,35.9458136883596,-78.8603370084763
PAST SALE,November-21-2018,Single Family Residential,616 Pearl Knoll Cir,Durham,NC,27703,257903,3,2.5,Durham,1843,11761,2018,548,140,15,Sold,,,http://www.redfin.com/NC/Durham/616-Pearl-Knoll-Cir-27703/home/43607122,TMLS,2213179,N,Y,36.005105,-78.835602
PAST SALE,August-21-2018,Townhouse,237 Westgrove Ct,Durham,NC,27703,260000,3,2.5,Brier Village,1884,3615,2011,640,138,128,Sold,,,http://www.redfin.com/NC/Durham/237-Westgrove-Ct-27703/home/43612794,TMLS,2203729,N,Y,35.920294,-78.8161644
PAST SALE,September-24-2018,Townhouse,132 Zante Currant Rd,Durham,NC,27703,270472,3,2.5,Durham,1820,2613,2018,606,149,132,Sold,,,http://www.redfin.com/NC/Durham/132-Zante-Currant-Rd-27703/home/110075363,TMLS,2170194,N,Y,35.9448523,-78.8717208
PAST SALE,August-10-2018,Townhouse,624 Libson St,Durham,NC,27703,262500,3,2.5,Davis Park,1904,1698,2014,651,138,152,Sold,,,http://www.redfin.com/NC/Durham/624-Libson-St-27703/home/49676181,TMLS,2199314,N,Y,35.8816147,-78.8668166
PAST SALE,October-9-2018,Single Family Residential,5105 Huxey Glenn Ct,Durham,NC,27703,250000,3,2.5,Ashley Forest,2018,8276,1988,591,124,33,Sold,,,http://www.redfin.com/NC/Durham/5105-Huxey-Glenn-Ct-27703/home/43564671,TMLS,2212040,N,Y,35.9270979,-78.8237307
PAST SALE,,Single Family Residential,1022 Spacious Skies Ln,Durham,NC,27703,257000,3,2.0,,2080,5009,2015,,124,,,,,http://www.redfin.com/NC/Durham/1022-Spacious-Skies-Ln-27703/home/88736575,,,N,Y,35.9644243,-78.836915
PAST SALE,September-27-2018,Townhouse,123 Zante Currant Rd,Durham,NC,27703,268371,3,2.5,Durham,1820,3484,2018,603,147,132,Sold,,,http://www.redfin.com/NC/Durham/123-Zante-Currant-Rd-27703/home/110075433,TMLS,2170479,N,Y,35.9445693,-78.8722076
PAST SALE,August-19-2018,Townhouse,546 Smallwood Dr Unit 2009 B,Durham,NC,27703,269760,3,2.5,Durham,1742,3049,2018,642,155,137,Sold,,,http://www.redfin.com/NC/Durham/546-Smallwood-Dr-27703/unit-2009-B/home/161377077,TMLS,2160159,N,Y,35.9128932,-78.8233547
PAST SALE,July-31-2018,Townhouse,209 Zante Currant Rd,Durham,NC,27703,253104,3,2.5,Durham,1694,2831,2018,661,149,132,Sold,,,http://www.redfin.com/NC/Durham/209-Zante-Currant-Rd-27703/home/110075474,TMLS,2170180,N,Y,35.9453838,-78.872326
PAST SALE,July-31-2018,Townhouse,203 Zante Currant Rd,Durham,NC,27703,262922,3,2.5,Durham,1820,3484,2018,661,144,132,Sold,,,http://www.redfin.com/NC/Durham/203-Zante-Currant-Rd-27703/home/110075532,TMLS,2192343,N,Y,35.945192,-78.872271
PAST SALE,September-10-2018,Townhouse,119 Zante Currant Rd,Durham,NC,27703,258914,3,2.5,Durham,1694,2613,2018,620,153,132,Sold,,,http://www.redfin.com/NC/Durham/119-Zante-Currant-Rd-27703/home/110075591,TMLS,2170461,N,Y,35.9444288,-78.8721871
PAST SALE,July-12-2018,Townhouse,136 Zante Currant Rd,Durham,NC,27703,257721,3,2.5,Durham,1625,3049,2018,680,159,132,Sold,,,http://www.redfin.com/NC/Durham/136-Zante-Currant-Rd-27703/home/110076034,TMLS,2175261,N,Y,35.9450113,-78.8717544
PAST SALE,September-4-2018,Townhouse,129 Zante Currant Rd,Durham,NC,27703,262735,3,2.5,Durham,1811,2613,2018,626,145,132,Sold,,,http://www.redfin.com/NC/Durham/129-Zante-Currant-Rd-27703/home/110075688,TMLS,2170560,N,Y,35.944776,-78.8722376
PAST SALE,September-10-2018,Townhouse,2711 Evanston Ave,Durham,NC,27703,267500,3,2.5,Brier Village,2061,3920,2011,620,130,128,Sold,,,http://www.redfin.com/NC/Durham/2711-Evanston-Ave-27703/home/43611733,TMLS,2207517,N,Y,35.921165,-78.8151467
PAST SALE,August-16-2018,Single Family Residential,4 Wild Sage Way,Durham,NC,22703,270000,3,2.5,Ravenstone,2283,8319,2012,645,118,24,Sold,,,http://www.redfin.com/NC/Durham/4-Wild-Sage-Way-27703/home/43611884,TMLS,2203124,N,Y,35.9649638,-78.7914924
PAST SALE,August-13-2018,Single Family Residential,122 Daneborg Dr,Durham,NC,27703,270000,3,2.0,Orchard Ridge,1963,5227,2012,648,138,53,Sold,,,http://www.redfin.com/NC/Durham/122-Daneborg-Rd-27703/home/43613278,TMLS,2201538,N,Y,35.9582391,-78.8253899
PAST SALE,August-30-2018,Single Family Residential,2072 Tanners Mill Dr,Durham,NC,27703,263000,3,2.5,Hanover Pointe,2033,4791,2014,631,129,40,Sold,,,http://www.redfin.com/NC/Durham/2072-Tanners-Mill-Dr-27703/home/103501671,TMLS,2202468,N,Y,35.9651948,-78.8352782
PAST SALE,October-12-2018,Single Family Residential,616 Wellwater Ave,Durham,NC,27703,270000,3,2.0,Sherron Farms,1775,,2016,588,152,45,Sold,,,http://www.redfin.com/NC/Durham/616-Wellwater-Ave-27703/home/110161320,TMLS,2213772,N,Y,35.9666727,-78.7951438
PAST SALE,,Single Family Residential,3305 Appling Way,Durham,NC,27703,250000,4,2.5,,1945,10846,1989,,129,,,,,http://www.redfin.com/NC/Durham/3305-Appling-Way-27703/home/43565119,,,N,Y,35.9273911,-78.8246156
PAST SALE,December-21-2018,Single Family Residential,112 Lake Valley Ln,Durham,NC,27703,255900,3,2.5,Grove Park,1864,8276,1998,518,137,52,Sold,,,http://www.redfin.com/NC/Durham/112-Lake-Valley-Ln-27703/home/43569454,TMLS,2221635,N,Y,35.9732334,-78.8193503
PAST SALE,December-12-2018,Single Family Residential,2218 Tanners Mill Dr,Durham,NC,27703,270000,3,2.5,Hanover Pointe,2453,3659,2013,527,110,40,Sold,,,http://www.redfin.com/NC/Durham/2218-Tanners-Mill-Dr-27703/home/49676419,TMLS,2217348,N,Y,35.9651206,-78.8319463
PAST SALE,November-18-2019,Townhouse,123 Brier Crossings Loop,Durham,NC,27703,255500,3,2.5,Townes at Brier Creek Crossing,1606,2003,2015,186,159,148,Sold,,,http://www.redfin.com/NC/Durham/123-Brier-Crossings-Loop-27703/home/103501878,TMLS,2284334,N,Y,35.9246105,-78.7812014
PAST SALE,September-10-2018,Townhouse,719 Sidepark St,Durham,NC,27703,250000,3,2.5,Davis Park,1731,1698,2013,620,144,159,Sold,,,http://www.redfin.com/NC/Durham/719-Sidepark-St-27703/home/49676169,TMLS,2207492,N,Y,35.8819473,-78.8672288
PAST SALE,,Townhouse,546 SMALLWOOD DR,DURHAM,NC,27703,270000,3,2.5,,1885,3093,2018,,143,,,,,http://www.redfin.com/NC/DURHAM/546-SMALLWOOD-DR-27703/home/144279188,,,N,Y,35.913101,-78.82375
PAST SALE,April-6-2018,Single Family Residential,5010 Rolling Meadows Dr,Durham,NC,27703,267800,3,2.5,Ashley Forest,2003,8712,1992,777,134,32,Sold,,,http://www.redfin.com/NC/Durham/5010-Rolling-Meadows-Dr-27703/home/43565150,TMLS,2175827,N,Y,35.9295487,-78.8239218
PAST SALE,March-29-2019,Single Family Residential,3217 Rowena Ave,Durham,NC,27703,259000,3,2.0,Durham,1658,379799,1950,420,156,,Sold,,,http://www.redfin.com/NC/Durham/3217-Rowena-Ave-27703/home/43541998,TMLS,2216243,N,Y,35.971127,-78.855853
PAST SALE,March-4-2019,Single Family Residential,1116 Gunston Ln,Durham,NC,27703-3911,255000,3,2.0,Grovepark,1810,10018,1996,445,141,52,Sold,,,http://www.redfin.com/NC/Durham/1116-Gunston-Ln-27703/home/43565249,TMLS,2228004,N,Y,35.9705563,-78.8167839
PAST SALE,February-16-2019,Townhouse,113 Comptonfield Dr,Durham,NC,27703,255000,3,2.5,Townes at Brier Creek Crossing,1515,2047,2015,461,168,135,Sold,,,http://www.redfin.com/NC/Durham/113-Comptonfield-Dr-27703/home/103501877,TMLS,2222741,N,Y,35.9236476,-78.7815907
PAST SALE,March-15-2018,Single Family Residential,2112 Ashe St,Durham,NC,27703,254000,3,2.5,Durham,1312,5227,2018,799,194,,Sold,,,http://www.redfin.com/NC/Durham/2112-Ashe-St-27703/home/43531571,TMLS,2170147,N,Y,35.9827348,-78.8766784
PAST SALE,March-19-2018,Townhouse,210 Lynchwick Ln,Durham,NC,27703,270000,3,2.5,Townes at Brier Creek Crossing,1739,2613,2016,795,155,123,Sold,,,http://www.redfin.com/NC/Durham/210-Lynchwick-Ln-27703/home/110068430,TMLS,2163796,N,Y,35.9230523,-78.7817215
PAST SALE,August-1-2018,Townhouse,125 Comptonfield Dr,Durham,NC,27703,260000,3,2.5,Townes at Brier Creek Crossing,1704,2003,2015,660,153,135,Sold,,,http://www.redfin.com/NC/Durham/125-Comptonfield-Dr-27703/home/74815135,TMLS,2199036,N,Y,35.9236351,-78.7819981
PAST SALE,August-28-2018,Townhouse,205 Zante Currant Rd,Durham,NC,27703,259785,3,2.5,Durham,1820,3484,2018,633,143,132,Sold,,,http://www.redfin.com/NC/Durham/205-Zante-Currant-Rd-27703/home/110075812,TMLS,2192988,N,Y,35.9452487,-78.8723063
PAST SALE,August-30-2018,Townhouse,117 Zante Currant Rd,Durham,NC,27703,259019,3,2.5,Durham,1625,3049,2018,631,159,132,Sold,,,http://www.redfin.com/NC/Durham/117-Zante-Currant-Rd-27703/home/110075984,TMLS,2170518,N,Y,35.9443413,-78.872175
PAST SALE,,Single Family Residential,314 N Driver St,Durham,NC,27703,250000,3,1.0,,1921,12240,1918,,130,,,,,http://www.redfin.com/NC/Durham/314-N-Driver-St-27703/home/43531669,,,N,Y,35.9886834,-78.8780052
PAST SALE,October-15-2018,Townhouse,510 Libson St,Durham,NC,27703,262000,3,2.5,Townes,1959,1698,2014,585,134,159,Sold,,,http://www.redfin.com/NC/Durham/510-Libson-St-27703/home/49676463,TMLS,2213167,N,Y,35.8832618,-78.8662328
PAST SALE,,Townhouse,508 Brier Crossings Loop,Durham,NC,27703,262500,,2.5,,1728,2178,2015,,152,,,,,http://www.redfin.com/NC/Durham/508-Brier-Crossings-Loop-27703/home/59280546,,,N,Y,35.9212232,-78.782029
PAST SALE,February-28-2019,Single Family Residential,1018 Homecoming Way,Durham,NC,27703,251990,3,2.5,Copley Farm,1896,6229,2018,449,133,55,Sold,,,http://www.redfin.com/NC/Durham/1018-Homecoming-Way-27703/home/147233283,TMLS,2207411,N,Y,35.997051,-78.822606
PAST SALE,March-11-2019,Single Family Residential,1023 Homecoming Way,Durham,NC,27703,250145,3,2.5,Copley Farm,1930,7274,2018,438,130,55,Sold,,,http://www.redfin.com/NC/Durham/1023-Homecoming-Way-27703/home/147233309,TMLS,2207415,N,Y,35.997399,-78.823082
PAST SALE,March-27-2019,Single Family Residential,1027 Homecoming Way,Durham,NC,27703,252500,3,2.5,Copley Farm,1920,8319,2018,422,132,55,Sold,,,http://www.redfin.com/NC/Durham/1027-Homecoming-Way-27703/home/147233307,TMLS,2208268,N,Y,35.997639,-78.822962
PAST SALE,October-3-2018,Single Family Residential,2702 Evanston Ave,Durham,NC,27703,262000,3,2.5,Brier Village,1956,3920,2010,597,134,128,Sold,,,http://www.redfin.com/NC/Durham/2702-Evanston-Ave-27703/home/43612207,TMLS,2211234,N,Y,35.9216277,-78.8147042
PAST SALE,January-10-2019,Single Family Residential,710 Weathervane Dr,Durham,NC,27703-9642,260000,3,2.5,Ravenstone,2270,10890,2006,498,115,48,Sold,,,http://www.redfin.com/NC/Durham/710-Weathervane-Dr-27703/home/43597318,TMLS,2224801,N,Y,35.9690405,-78.790408
PAST SALE,October-15-2018,Single Family Residential,2107 Woodsdale Dr,Durham,NC,27703-7977,274500,3,2.5,Brightleaf,1758,9104,2007,585,156,45,Sold,,,http://www.redfin.com/NC/Durham/2107-Woodsdale-Dr-27703/home/43605534,TMLS,2214360,N,Y,35.9523315,-78.8119164
PAST SALE,May-15-2018,Single Family Residential,302 Sylvias Ct,Durham,NC,27703,250000,3,2.5,Grove Point,1783,20342,2007,738,140,52,Sold,,,http://www.redfin.com/NC/Durham/302-Sylvias-Ct-27703/home/43606656,TMLS,2184643,N,Y,35.978906,-78.814988
PAST SALE,August-28-2018,Single Family Residential,119 Woodtrellis Ct,Durham,NC,27703,252500,3,2.5,Ravenstone,2230,13242,2005,633,113,49,Sold,,,http://www.redfin.com/NC/Durham/119-Woodtrellis-Ct-27703/home/43597729,TMLS,2203660,N,Y,35.9716889,-78.7926653
PAST SALE,July-3-2018,Single Family Residential,3013 Prospect Pkwy,Durham,NC,27703,275000,3,2.5,Brightleaf,2250,6969,2010,689,122,88,Sold,,,http://www.redfin.com/NC/Durham/3013-Prospect-Pkwy-27703/home/43610171,TMLS,2189363,N,Y,35.9543483,-78.8114739
PAST SALE,November-21-2018,Single Family Residential,605 Crossing Dr,Durham,NC,27703,250000,3,2.5,Grove Park,2028,12980,1996,548,123,52,Sold,,,http://www.redfin.com/NC/Durham/605-Crossing-Dr-27703/home/43565840,TMLS,2218172,N,Y,35.9706005,-78.8096596
PAST SALE,November-30-2018,Single Family Residential,607 Starry Sky Dr,Durham,NC,27703,272735,3,2.5,Sherron Farms,2213,,2018,539,123,45,Sold,,,http://www.redfin.com/NC/Durham/607-Starry-Sky-Dr-27703/home/146441117,TMLS,2206887,N,Y,35.967694,-78.7975
PAST SALE,October-26-2018,Single Family Residential,2052 Tanners Mill Dr,Durham,NC,27703,258000,3,2.5,Hanover Pointe,1921,4791,2014,574,134,40,Sold,,,http://www.redfin.com/NC/Durham/2052-Tanners-Mill-Dr-27703/home/103501926,TMLS,2215276,N,Y,35.9652519,-78.8363181
PAST SALE,October-26-2018,Townhouse,108 Zante Currant Rd,Durham,NC,27703,273416,3,2.5,Durham,1820,3484,2018,574,150,132,Sold,,,http://www.redfin.com/NC/Durham/108-Zante-Currant-Rd-27703/home/110076026,TMLS,2178901,N,Y,35.9441056,-78.8716483
PAST SALE,August-29-2018,Townhouse,127 Zante Currant Rd,Durham,NC,27703,260102,3,2.5,Durham,1811,2613,2018,632,144,132,Sold,,,http://www.redfin.com/NC/Durham/127-Zante-Currant-Rd-27703/home/110075872,TMLS,2170535,N,Y,35.9447044,-78.8722272
PAST SALE,August-31-2018,Townhouse,121 Zante Currant Rd,Durham,NC,27703,258081,3,2.5,Durham,1694,2613,2018,630,152,132,Sold,,,http://www.redfin.com/NC/Durham/121-Zante-Currant-Rd-27703/home/110076203,TMLS,2170469,N,Y,35.9445004,-78.8721976
PAST SALE,July-10-2018,Townhouse,126 Zante Currant Rd,Durham,NC,27703,273095,3,2.5,Durham,1820,3484,2018,682,150,132,Sold,,,http://www.redfin.com/NC/Durham/126-Zante-Currant-Rd-27703/home/110075569,TMLS,2174725,N,Y,35.9446539,-78.871692
PAST SALE,July-11-2018,Single Family Residential,419 Glenview Ln,Durham,NC,27703,269000,3,2.5,Ashton Hall,2444,6751,2011,681,110,60,Sold,,,http://www.redfin.com/NC/Durham/419-Glenview-Ln-27703/home/43613161,TMLS,2196094,N,Y,35.9629348,-78.8237307
PAST SALE,August-30-2018,Single Family Residential,1505 Willowcrest Rd,Durham,NC,27703,269900,3,2.5,Ashton Hall,2461,6969,2011,631,110,60,Sold,,,http://www.redfin.com/NC/Durham/1505-Willowcrest-Rd-27703/home/43612659,TMLS,2205263,N,Y,35.9602733,-78.8262527
PAST SALE,October-11-2018,Townhouse,116 Zante Currant Rd,Durham,NC,27703,253488,3,2.5,Durham,1625,3049,2018,589,156,132,Sold,,,http://www.redfin.com/NC/Durham/116-Zante-Currant-Rd-27703/home/110076182,TMLS,2178961,N,Y,35.944396,-78.8716456
PAST SALE,November-27-2018,Townhouse,105 Zante Currant Rd,Durham,NC,27703,264449,3,2.5,Durham,1625,3049,2018,542,163,132,Sold,,,http://www.redfin.com/NC/Durham/105-Zante-Currant-Rd-27703/home/110075440,TMLS,2183802,N,Y,35.9439262,-78.87216
PAST SALE,November-16-2018,Single Family Residential,618 Pearl Knoll Cir,Durham,NC,27703,265307,3,2.5,Durham,2187,9583,2018,553,121,15,Sold,,,http://www.redfin.com/NC/Durham/618-Pearl-Knoll-Cir-27703/home/43607123,TMLS,2212488,N,Y,36.005211,-78.835859
PAST SALE,March-18-2019,Single Family Residential,931 Allister Rd,Durham,NC,27703,255000,3,3.0,Fletcher Hills,2241,20081,1968,431,114,,Sold,,,http://www.redfin.com/NC/Durham/931-Allister-Rd-27703/home/43563520,TMLS,2234156,N,Y,35.9671129,-78.8238303
PAST SALE,March-29-2019,Single Family Residential,12 Beaver Creek Ln,Durham,NC,27703,270000,3,2.5,Alexander Crossing,2182,16160,2005,420,124,30,Sold,,,http://www.redfin.com/NC/Durham/12-Beaver-Creek-Ln-27703/home/43596171,TMLS,2238249,N,Y,35.9237907,-78.8274778
PAST SALE,February-26-2019,Single Family Residential,1018 Thoughtful Spot Ln,Durham,NC,27703,263000,3,2.5,Hanover Pointe,1980,4965,2015,451,133,40,Sold,,,http://www.redfin.com/NC/Durham/1018-Thoughtful-Spot-Ln-27703/home/104514705,TMLS,2231549,N,Y,35.9646919,-78.8379768
PAST SALE,April-9-2019,Single Family Residential,1037 Homecoming Way,Durham,NC,27703,250220,3,2.5,Copley Farm,1930,4878,2018,409,130,55,Sold,,,http://www.redfin.com/NC/Durham/1037-Homecoming-Way-27703/home/147233302,TMLS,2195753,N,Y,35.997966,-78.822414
PAST SALE,April-12-2019,Townhouse,2703 Evanston Ave,Durham,NC,27703,275000,3,2.5,Brier Village,1912,3484,2010,406,144,128,Sold,,,http://www.redfin.com/NC/Durham/2703-Evanston-Ave-27703/home/43611735,TMLS,2237893,N,Y,35.9211737,-78.8147927
PAST SALE,April-12-2019,Single Family Residential,3005 September Dr,Durham,NC,27703,274200,3,2.5,Hanover Pointe,2422,3571,2013,406,113,44,Sold,,,http://www.redfin.com/NC/Durham/3005-September-Dr-27703/home/49676429,TMLS,2241513,N,Y,35.9649954,-78.8323693
PAST SALE,,Single Family Residential,2015 Magnolia Tree Ln,Durham,NC,27703,267500,3,2.5,,2310,5706,2018,,116,,,,,http://www.redfin.com/NC/Durham/2015-Magnolia-Tree-Ln-27703/home/110075066,,,N,Y,35.9500062,-78.8758174
PAST SALE,,Single Family Residential,633 Starry Sky Dr,Durham,NC,27703,262000,3,2.5,,2182,6316,2018,,120,,,,,http://www.redfin.com/NC/Durham/633-Starry-Sky-Dr-27703/home/162088940,,,N,Y,35.968778,-78.798033
PAST SALE,October-26-2018,Single Family Residential,2007 October Dr,Durham,NC,27703,270000,3,2.5,Hanover Pointe,2420,4791,2013,574,112,40,Sold,,,http://www.redfin.com/NC/Durham/2007-October-Dr-27703/home/65112051,TMLS,2215636,N,Y,35.9644739,-78.8338625
PAST SALE,August-30-2018,Townhouse,125 Zante Currant Rd,Durham,NC,27703,274014,3,2.5,Durham,1820,3484,2018,631,151,132,Sold,,,http://www.redfin.com/NC/Durham/125-Zante-Currant-Rd-27703/home/110076087,TMLS,2170490,N,Y,35.9446355,-78.8722172
PAST SALE,July-27-2018,Single Family Residential,2066 Tanners Mill Dr,Durham,NC,27703,252000,3,2.5,Hanover Pointe,1986,4573,2014,665,127,40,Sold,,,http://www.redfin.com/NC/Durham/2066-Tanners-Mill-Dr-27703/home/103501672,TMLS,2200407,N,Y,35.9652658,-78.8355878
PAST SALE,October-25-2018,Townhouse,104 Zante Currant Rd,Durham,NC,27703,252249,3,2.5,Durham,1625,3049,2018,575,155,132,Sold,,,http://www.redfin.com/NC/Durham/104-Zante-Currant-Rd-27703/home/110075421,TMLS,2178642,N,Y,35.9439532,-78.87165
PAST SALE,February-8-2018,Single Family Residential,12300 Tetons Ct,Durham,NC,27703,257500,3,2.5,The Park,2032,28314,2004,834,127,35,Sold,,,http://www.redfin.com/NC/Durham/12300-Tetons-Ct-27703/home/43603492,TMLS,2165756,N,Y,35.9243681,-78.7568084
PAST SALE,July-25-2017,Townhouse,418 Brier Crossings Loop,Durham,NC,27703,267500,3,2.5,Townes at Brier Creek Crossing,1878,2613,2015,1032,142,123,Sold,,,http://www.redfin.com/NC/Durham/418-Brier-Crossings-Loop-27703/home/59280523,TMLS,2113270,N,Y,35.9213285,-78.7815998
PAST SALE,October-31-2017,Single Family Residential,504 Ravenstone Ln,Durham,NC,27703,255000,3,2.5,Ravenstone,2547,12414,2004,934,100,49,Sold,,,http://www.redfin.com/NC/Durham/504-Ravenstone-Ln-27703/home/43596012,TMLS,2151600,N,Y,35.973053,-78.7937718
PAST SALE,February-21-2019,Single Family Residential,7 White Willow Ct,Durham,NC,27703,265500,3,2.5,Ravenstone,2326,9147,2011,456,114,49,Sold,,,http://www.redfin.com/NC/Durham/7-White-Willow-Ct-27703/home/43612340,TMLS,2228996,N,Y,35.9648827,-78.790408
PAST SALE,May-11-2018,Single Family Residential,2055 Tanners Mill Dr,Durham,NC,27703,250000,3,2.5,Hanover Pointe,2422,4356,2015,742,103,40,Sold,,,http://www.redfin.com/NC/Durham/2055-Tanners-Mill-Dr-27703/home/103501482,TMLS,2175860,N,Y,35.9656978,-78.836163
PAST SALE,October-11-2018,Single Family Residential,2401 Pear Tree Ln,Durham,NC,27703,261500,3,2.5,Wyndmoor at the Park,2420,6098,2010,589,108,35,Sold,,,http://www.redfin.com/NC/Durham/2401-Pear-Tree-Ln-27703/home/43612640,TMLS,2195350,N,Y,35.944752,-78.8761618
PAST SALE,February-26-2019,Single Family Residential,1604 Carnation Dr,Durham,NC,27703,272093,3,2.5,Magnolia Place,2120,9801,2004,451,128,40,Sold,,,http://www.redfin.com/NC/Durham/1604-Carnation-Dr-27703/home/43588050,TMLS,2229781,N,Y,35.93447,-78.8221378
PAST SALE,February-4-2019,Single Family Residential,615 Pearl Knoll Cir,Durham,NC,27703,262177,3,2.5,Durham,2200,11761,2018,473,119,15,Sold,,,http://www.redfin.com/NC/Durham/615-Pearl-Knoll-Cir-27703/home/43607124,TMLS,2202938,N,Y,36.005089,-78.83618
PAST SALE,January-22-2019,Single Family Residential,5012 Rolling Meadows Dr,Durham,NC,27703,275000,3,2.5,Ashley Forest,2016,8624,1990,486,136,34,Sold,,,http://www.redfin.com/NC/Durham/5012-Rolling-Meadows-Dr-27703/home/43565662,TMLS,2225533,N,Y,35.9294512,-78.8237307
PAST SALE,October-5-2018,Single Family Residential,2 Lynnwood Valley Ct,Durham,NC,27703,250000,3,2.0,Grove Park,1931,16552,1998,595,129,52,Sold,,,http://www.redfin.com/NC/Durham/2-Lynnwood-Valley-Ct-27703/home/43568174,TMLS,2210271,N,Y,35.9812896,-78.8130227
PAST SALE,August-6-2018,Single Family Residential,1916 Woodsdale Dr,Durham,NC,27703,265000,3,2.0,Brightleaf,1761,7405,2008,655,150,43,Sold,,,http://www.redfin.com/NC/Durham/1916-Woodsdale-Dr-27703/home/43606487,TMLS,2202092,N,Y,35.9512252,-78.8135537
PAST SALE,October-4-2018,Single Family Residential,2011 October Dr,Durham,NC,27703,262000,3,2.5,Hanover Pointe,2029,5140,2013,596,129,40,Sold,,,http://www.redfin.com/NC/Durham/2011-October-Dr-27703/home/65111788,TMLS,2203338,N,Y,35.9642764,-78.8339952
PAST SALE,November-30-2018,Townhouse,2730 Evanston Ave,Durham,NC,27703,265000,3,2.5,Brier Village,1956,4007,2011,539,135,128,Sold,,,http://www.redfin.com/NC/Durham/2730-Evanston-Ave-27703/home/43612750,TMLS,2218321,N,Y,35.9209031,-78.8163856
PAST SALE,,Townhouse,117 Cross Country Way,Durham,NC,27703,260000,3,2.5,,1908,1830,2018,,136,,,,,http://www.redfin.com/NC/Durham/117-Cross-Country-Way-27703/home/146784669,,,N,Y,35.913438,-78.824257
PAST SALE,October-20-2017,Single Family Residential,1801 Nellora Ln Lot 159,Durham,NC,27703,269993,3,2.5,Brightwood Trails,2148,7405,2017,945,126,35,Sold,,,http://www.redfin.com/NC/Durham/1801-Nellora-Ln-27703/unit-159/home/161302099,TMLS,2150451,N,Y,35.966594,-78.801651
PAST SALE,September-28-2017,Single Family Residential,2015 Hickory Nut Dr,Durham,NC,27703,262500,3,2.0,Durham,1690,20037,2017,967,155,,Sold,,,http://www.redfin.com/NC/Durham/2015-Hickory-Nut-Dr-27703/home/43559584,TMLS,2128694,N,Y,35.9492936,-78.8736272
PAST SALE,September-27-2017,Single Family Residential,2818 Prospect Pkwy,Durham,NC,27703,260500,3,2.5,Brightleaf,2276,6098,2007,968,114,40,Sold,,,http://www.redfin.com/NC/Durham/2818-Prospect-Pkwy-27703/home/43604508,TMLS,2133164,N,Y,35.9529184,-78.8132439
PAST SALE,June-9-2017,Single Family Residential,2213 Tanners Mill Dr,Durham,NC,27703,255000,3,2.5,Hanover Pointe,2422,3920,2013,1078,105,40,Sold,,,http://www.redfin.com/NC/Durham/2213-Tanners-Mill-Dr-27703/home/49676404,TMLS,2125750,N,Y,35.9655343,-78.8321813
PAST SALE,September-15-2017,Single Family Residential,1115 High Fox Dr,Durham,NC,27703,269000,3,2.5,Ashton Hall,2400,6316,2012,980,112,60,Sold,,,http://www.redfin.com/NC/Durham/1115-High-Fox-Dr-27703/home/43613158,TMLS,2144960,N,Y,35.9629621,-78.8258102
PAST SALE,June-8-2017,Single Family Residential,104 Glenview Ln,Durham,NC,27703,272000,3,2.5,Ashton Hall,2480,6664,2012,1079,110,65,Sold,,,http://www.redfin.com/NC/Durham/104-Glenview-Ln-27703/home/43611679,TMLS,2118562,N,Y,35.962638,-78.8304116
PAST SALE,April-20-2020,Townhouse,520 Libson St,Durham,NC,27703,260000,3,2.5,Davis Park,1602,1698,2013,32,162,166,Sold,,,http://www.redfin.com/NC/Durham/520-Libson-St-27703/home/49676468,TMLS,2305735,N,Y,35.8831171,-78.8664193
PAST SALE,February-21-2020,Single Family Residential,741 Obsidian Way,Durham,NC,27703,250000,3,2.5,Stone Hill Estates,2108,9496,2006,91,119,13,Sold,,,http://www.redfin.com/NC/Durham/741-Obsidian-Way-27703/home/43604774,TMLS,2293019,N,Y,35.9929975,-78.8254563
PAST SALE,April-23-2020,Single Family Residential,2812 Prospect Pkwy,Durham,NC,27703,269000,3,2.5,Brightleaf,1747,6011,2007,29,154,43,Sold,,,http://www.redfin.com/NC/Durham/2812-Prospect-Pkwy-27703/home/43606981,TMLS,2279926,N,Y,35.9528003,-78.8137749
PAST SALE,October-4-2019,Single Family Residential,622 Conover Rd,Durham,NC,27703,251500,3,2.5,Ravenstone,1875,10236,2007,231,134,49,Sold,,,http://www.redfin.com/NC/Durham/622-Conover-Rd-27703/home/43611061,TMLS,2275062,N,Y,35.9698313,-78.7885491
PAST SALE,March-8-2019,Townhouse,2716 Evanston Ave,Durham,NC,27703-2695,265000,3,2.5,Brier Village,1865,3615,2010,441,142,128,Sold,,,http://www.redfin.com/NC/Durham/2716-Evanston-Ave-27703/home/43612211,TMLS,2226031,N,Y,35.921383,-78.8156777
PAST SALE,March-4-2019,Townhouse,605 Smallwood Dr,Durham,NC,27703,275000,3,2.5,Durham,1742,3049,2017,445,158,137,Sold,,,http://www.redfin.com/NC/DURHAM/605-SMALLWOOD-DR-27703/home/145695353,TMLS,2232677,N,Y,35.912654,-78.824292
PAST SALE,August-5-2019,Single Family Residential,2116 Cedar Grove Dr,Durham,NC,27703,259000,3,2.5,Alexander Crossing,2047,7405,2004,291,127,30,Sold,,,http://www.redfin.com/NC/Durham/2116-Cedar-Grove-Dr-27703/home/43598866,TMLS,2262215,N,Y,35.9226819,-78.8281729
PAST SALE,November-22-2019,Townhouse,138 Torrey Heights Ln,Durham,NC,27703,275000,3,2.5,Brier Village,1906,3484,2012,182,144,128,Sold,,,http://www.redfin.com/NC/Durham/138-Torrey-Heights-Ln-27703/home/45473767,TMLS,2281865,N,Y,35.9199255,-78.8149254
PAST SALE,April-30-2020,Single Family Residential,3408 Forest Grove Ct,Durham,NC,27703,260000,3,2.5,Ashley Forest,1940,8712,1988,22,134,35,Sold,,,http://www.redfin.com/NC/Durham/3408-Forest-Grove-Ct-27703/home/43564157,TMLS,2310066,N,Y,35.9290766,-78.8242174
PAST SALE,,Single Family Residential,1228 Golden Eagle Dr,Durham,NC,27704,255000,3,2.5,,2720,6273,2011,,94,,,,,http://www.redfin.com/NC/Durham/1228-Golden-Eagle-Dr-27704/home/43612940,,,N,Y,36.0114631,-78.8137749
PAST SALE,July-5-2018,Single Family Residential,207 Newberry Ln,Durham,NC,27703,255000,3,2.5,Linkside,2198,7448,1997,687,116,55,Sold,,,http://www.redfin.com/NC/Durham/207-Newberry-Ln-27703/home/43566134,TMLS,2194325,N,Y,35.9815154,-78.8091728
PAST SALE,May-31-2019,Townhouse,1017 Fitchie Pl #282,Durham,NC,27703,267655,3,2.5,Durham,1880,1742,2018,357,142,164,Sold,,,http://www.redfin.com/NC/Durham/1017-Fitchie-Pl-27703/unit-282/home/146995486,TMLS,2214065,N,Y,35.945014593403,-78.8587932783127
PAST SALE,October-8-2019,Single Family Residential,1725 Marly Dr,Durham,NC,27703,250000,3,2.0,Durham,1424,29620,1962,227,176,,Sold,,,http://www.redfin.com/NC/Durham/1725-Marly-Dr-27703/home/43563825,TMLS,2274445,N,Y,35.9455932,-78.8426218
PAST SALE,April-13-2020,Single Family Residential,3514 Portico Ln,Durham,NC,27703,259000,3,2.5,Stone Hill Estates,1978,9888,2008,39,131,13,Sold,,,http://www.redfin.com/NC/Durham/3514-Portico-Ln-27703/home/43605305,TMLS,2304353,N,Y,35.9939137,-78.820014
PAST SALE,April-28-2020,Single Family Residential,7 Castlewell Pl,Durham,NC,27703,265000,3,2.5,Bradbury,2004,12109,2005,24,132,19,Sold,,,http://www.redfin.com/NC/Durham/7-CASTLEWELL-Pl-27703/home/43602236,TMLS,2300197,N,Y,35.9266513,-78.8368996
PAST SALE,March-17-2020,Single Family Residential,2056 Tanners Mill Dr,Durham,NC,27703,272500,3,2.5,Hanover Pointe,1992,4573,2015,66,137,44,Sold,,,http://www.redfin.com/NC/Durham/2056-Tanners-Mill-Dr-27703/home/103501669,TMLS,2294387,N,Y,35.9653073,-78.8360302
PAST SALE,May-13-2020,Single Family Residential,1116 Nichols Farm Dr,Durham,NC,27703,250000,3,2.5,Grove Park,1985,14984,1996,9,126,52,Sold,,,http://www.redfin.com/NC/Durham/1116-Nichols-Farm-Dr-27703/home/43565225,TMLS,2309836,N,Y,35.9699746,-78.8190848
PAST SALE,June-19-2019,Single Family Residential,12417 Kendall Ridge Ct,Durham,NC,27703,255000,3,2.5,Bennington,1811,8407,2004,338,141,25,Sold,,,http://www.redfin.com/NC/Durham/12417-Kendall-Ridge-Ct-27703/home/43606671,TMLS,2256282,N,Y,35.9298933,-78.7542515
PAST SALE,September-16-2019,Townhouse,358 Westgrove Ct,Durham,NC,27703-8957,262000,3,2.5,Brier Village,1741,4007,2011,249,150,128,Sold,,,http://www.redfin.com/NC/Durham/358-Westgrove-Ct-27703/home/43612832,TMLS,2271634,N,Y,35.920662,-78.8188525
PAST SALE,February-12-2019,Townhouse,503 Brier Crossings Loop,Durham,NC,27703,275000,3,2.5,Townes at Brier Creek Crossing,1730,2221,2015,465,159,135,Sold,,,http://www.redfin.com/NC/Durham/503-Brier-Crossings-Loop-27703/home/59280532,TMLS,2219161,N,Y,35.9208802,-78.7817851
PAST SALE,April-13-2020,Single Family Residential,5620 Severn Grove Ct,Durham,NC,27703,262500,3,2.5,Bennington,2026,7405,2004,39,130,25,Sold,,,http://www.redfin.com/NC/Durham/5620-Severn-Grove-Dr-27703/home/43607154,TMLS,2303037,N,Y,35.9301896,-78.7525056
PAST SALE,May-31-2019,Single Family Residential,3221 Appling Way,Durham,NC,27703,250000,3,2.5,Stirrup Creek,1872,14810,1980,357,134,32,Sold,,,http://www.redfin.com/NC/Durham/3221-Appling-Way-27703/home/43559517,TMLS,2249870,N,Y,35.9261087,-78.8252793
PAST SALE,July-19-2019,Single Family Residential,3014 September Dr,Durham,NC,27703,256900,3,2.5,Hanover Pointe,2000,4356,2013,308,128,44,Sold,,,http://www.redfin.com/NC/Durham/3014-September-Dr-27703/home/49676431,TMLS,2255786,N,Y,35.9643618,-78.8326679
PAST SALE,August-19-2019,Single Family Residential,3410 Forest Grove Ct,Durham,NC,27703,275000,3,2.5,Ashley Forest,1802,871,1989,277,153,34,Sold,,,http://www.redfin.com/NC/Durham/3410-Forest-Grove-Ct-27703/home/43565124,TMLS,2262923,N,Y,35.9292602,-78.8244163
PAST SALE,August-30-2019,Single Family Residential,1020 Spacious Skies Ln,Durham,NC,27703,269000,3,2.5,Hanover Pointe,1941,5227,2015,266,139,44,Sold,,,http://www.redfin.com/NC/Durham/1020-Spacious-Skies-Ln-27703/home/103501479,TMLS,2266351,N,Y,35.9645177,-78.836904
PAST SALE,March-13-2018,Single Family Residential,2067 Tanners Mill Dr,Durham,NC,27703,255500,3,2.5,Hanover Pointe,2413,4356,2014,801,106,40,Sold,,,http://www.redfin.com/NC/Durham/2067-Tanners-Mill-Dr-27703/home/103501741,TMLS,2167672,N,Y,35.9656817,-78.8355436
PAST SALE,June-14-2018,Single Family Residential,1907 Cedar Grove Dr,Durham,NC,27703,270500,3,2.5,Alexander Crossing,2219,13242,2004,708,122,30,Sold,,,http://www.redfin.com/NC/Durham/1907-Cedar-Grove-Dr-27703/home/43598342,TMLS,2181655,N,Y,35.9244102,-78.8259872
PAST SALE,March-29-2018,Single Family Residential,2201 Cedar Grove Dr,Durham,NC,27703,271000,3,2.5,Alexander Crossing,2396,10672,2004,785,113,30,Sold,,,http://www.redfin.com/NC/Durham/2201-Cedar-Grove-Dr-27703/home/43600955,TMLS,2175742,N,Y,35.9223318,-78.8288615
PAST SALE,July-14-2017,Single Family Residential,809 Ember Dr,Durham,NC,27703,265000,3,2.5,Brightwood Trails,2520,7840,2011,1043,105,35,Sold,,,http://www.redfin.com/NC/Durham/809-Ember-Dr-27703/home/43603316,TMLS,2126472,N,Y,35.9639388,-78.8029109
PAST SALE,May-15-2019,Single Family Residential,619 Poplar St,Durham,NC,27703,264000,3,2.5,Brightwood Trails,1943,7535,2011,373,136,35,Sold,,,http://www.redfin.com/NC/Durham/619-Poplar-St-27703/home/43601952,TMLS,2247543,N,Y,35.9646471,-78.8021807
PAST SALE,June-20-2019,Single Family Residential,624 Ashburn Ln,Durham,NC,27703,272000,3,2.5,Ravenstone,2198,10018,2009,337,124,49,Sold,,,http://www.redfin.com/NC/Durham/624-Ashburn-Ln-27703/home/43609571,TMLS,2252549,N,Y,35.9676871,-78.7916051
PAST SALE,May-28-2019,Single Family Residential,104 English Ivy Dr,Durham,NC,27703,260000,3,2.5,Ravenstone,2218,12022,2008,360,117,49,Sold,,,http://www.redfin.com/NC/Durham/104-English-Ivy-Dr-27703/home/43608716,TMLS,2249833,N,Y,35.9669825,-78.7906527
PAST SALE,August-7-2018,Single Family Residential,1001 Thoughtful Spot Dr,Durham,NC,27703,255000,3,2.5,Hanover Pointe,1926,6534,2015,654,132,40,Sold,,,http://www.redfin.com/NC/Durham/1001-Thoughtful-Spot-Ln-27703/home/103502099,TMLS,2202046,N,Y,35.9653981,-78.8374459
PAST SALE,July-19-2018,Single Family Residential,410 Rondelay Dr,Durham,NC,27703,250000,3,2.5,Ravenstone,2276,10497,2007,673,110,48,Sold,,,http://www.redfin.com/NC/Durham/410-Rondelay-Dr-27703/home/43608367,TMLS,2198356,N,Y,35.9663553,-78.7864245
PAST SALE,June-23-2017,Single Family Residential,323 Wellwater Ave,Durham,NC,27703,266640,3,2.0,Sherron Farms,1772,9060,2017,1064,150,45,Sold,,,http://www.redfin.com/NC/Durham/323-Wellwater-Ave-27703/home/113107657,TMLS,2110472,N,Y,35.967057,-78.7920899
PAST SALE,July-30-2018,Townhouse,139 Zante Currant Rd,Durham,NC,27703,259725,3,2.5,Durham,1820,3484,2018,662,143,132,Sold,,,http://www.redfin.com/NC/Durham/139-Zante-Currant-Rd-27703/home/110076086,TMLS,2179894,N,Y,35.945125,-78.872275
PAST SALE,July-5-2018,Townhouse,367 Avett Dr,Durham,NC,27703-9850,260000,3,2.5,Davis Park,1691,,2014,687,154,77,Sold,,,http://www.redfin.com/NC/Durham/367-Avett-Dr-27703/home/67995651,TMLS,2190865,N,Y,35.8816122,-78.8657866
PAST SALE,June-11-2019,Townhouse,123 Comptonfield Dr,Durham,NC,27703,250000,3,2.5,Townes at Brier Creek Crossing,1546,1873,2015,346,162,148,Sold,,,http://www.redfin.com/NC/Durham/123-Comptonfield-Dr-27703/home/103501914,TMLS,2251388,N,Y,35.9236593,-78.7819207
PAST SALE,May-23-2019,Single Family Residential,1711 Shiva Ct,Durham,NC,27703,255000,3,2.5,Meadows Of Pagehurst,2274,6054,2003,365,112,23,Sold,,,http://www.redfin.com/NC/Durham/1711-Shiva-Ct-27703/home/43593052,TMLS,2249594,N,Y,35.9237515,-78.8171821
PAST SALE,May-20-2019,Single Family Residential,506 Oak Grove Pkwy,Durham,NC,27703,255000,3,2.5,Grove Park,1919,6229,2001,368,133,52,Sold,,,http://www.redfin.com/NC/Durham/506-Oak-Grove-Pkwy-27703/home/43588008,TMLS,2246758,N,Y,35.9826027,-78.8095711
PAST SALE,September-21-2018,Single Family Residential,139 Daneborg Rd,Durham,NC,27703-9490,270000,3,2.5,Orchard Ridge,2310,5227,2012,609,117,55,Sold,,,http://www.redfin.com/NC/Durham/139-Daneborg-Rd-27703/home/43613282,TMLS,2208536,N,Y,35.9594674,-78.8257217
PAST SALE,October-29-2018,Townhouse,5 Moss Side Ter,Durham,NC,27703,272950,3,2.5,Durham,1850,2526,2018,571,148,160,Sold,,,http://www.redfin.com/NC/Durham/5-Moss-Side-Ter-27703/home/144338481,TMLS,2192193,N,Y,35.9243087,-78.7795097
PAST SALE,,Townhouse,121 Cross Country Way,Durham,NC,27703,273500,3,2.5,,2028,2744,2018,,135,,,,,http://www.redfin.com/NC/Durham/121-Cross-Country-Way-27703/home/146467222,,,N,Y,35.913587,-78.824287
PAST SALE,November-30-2018,Single Family Residential,609 Starry Sky Dr,Durham,NC,27703,269490,3,2.5,Sherron Farms,2213,7187,2018,539,122,45,Sold,,,http://www.redfin.com/NC/Durham/609-Starry-Sky-Dr-27703/home/146444358,TMLS,2207094,N,Y,35.967838,-78.797501
PAST SALE,May-10-2019,Single Family Residential,2817 Mebane Ln,Durham,NC,27703,275000,3,2.5,Brightleaf,1949,7840,2007,378,141,43,Sold,,,http://www.redfin.com/NC/Durham/2817-Mebane-Ln-27703/home/43608678,TMLS,2242989,N,Y,35.9525964,-78.8129482
PAST SALE,,Single Family Residential,3011 September Dr,Durham,NC,27703,270000,3,2.5,,1986,4574,2013,,136,,,,,http://www.redfin.com/NC/Durham/3011-September-Dr-27703/home/49676424,,,N,Y,35.9647025,-78.8322698
PAST SALE,August-30-2019,Single Family Residential,2059 October Dr,Durham,NC,27703,270000,3,2.5,Hanover Pointe,1902,4399,2014,266,142,44,Sold,,,http://www.redfin.com/NC/Durham/2059-October-Dr-27703/home/103501238,TMLS,2270401,N,Y,35.9644543,-78.8363399
PAST SALE,,Single Family Residential,625 Starry Sky Dr,Durham,NC,27703,261000,3,2.5,,2062,6926,2018,,127,,,,,http://www.redfin.com/NC/Durham/625-Starry-Sky-Dr-27703/home/148738373,,,N,Y,35.968641,-78.797623
PAST SALE,May-22-2019,Single Family Residential,1304 W Wellwater Ave,Durham,NC,27703,254290,3,2.0,Sherron Farms,1772,,2018,366,144,45,Sold,,,http://www.redfin.com/NC/Durham/1304-W-Wellwater-Ave-27703/home/146440826,TMLS,2206867,N,Y,35.9678499,-78.7992925
PAST SALE,,Townhouse,542 SMALLWOOD DR,DURHAM,NC,27703,258000,3,2.5,,1640,3093,2018,,157,,,,,http://www.redfin.com/NC/DURHAM/542-SMALLWOOD-DR-27703/home/143579596,,,N,Y,35.913101,-78.823561
PAST SALE,July-12-2018,Townhouse,121 Cross Country Way Unit 2011A,Durham,NC,27703,273095,3,2.5,Durham,1862,2613,2018,680,147,120,Sold,,,http://www.redfin.com/NC/Durham/121-Cross-Country-Way-27703/unit-2011A/home/146116641,TMLS,2200524,N,Y,35.913587,-78.824287
PAST SALE,July-30-2019,Single Family Residential,1216 Golden Eagle Dr,Durham,NC,27704,266000,3,2.5,Cardinal Lake,2781,7405,2011,297,96,60,Sold,,,http://www.redfin.com/NC/Durham/1216-Golden-Eagle-Dr-27704/home/43612701,TMLS,2260968,N,Y,36.0111894,-78.8148812
PAST SALE,July-11-2019,Townhouse,125 Torpoint Rd,Durham,NC,27703,270000,3,2.5,Durham,1825,2439,2016,316,148,148,Sold,,,http://www.redfin.com/NC/Durham/125-Torpoint-Rd-27703/home/104007473,TMLS,2243991,N,Y,35.9447418,-78.8708994
PAST SALE,April-23-2018,Single Family Residential,425 Cottonseed Way,Durham,NC,27703,255000,3,2.5,Ravenstone,2265,8712,2014,760,113,24,Sold,,,http://www.redfin.com/NC/Durham/425-Cottonseed-Way-27703/home/65111681,TMLS,2178614,N,Y,35.9634403,-78.7929309
PAST SALE,April-12-2018,Single Family Residential,2207 Tanners Mill Dr,Durham,NC,27703,266000,3,2.5,Hanover Pointe,2458,4356,2012,771,108,40,Sold,,,http://www.redfin.com/NC/Durham/2207-Tanners-Mill-Dr-27703/home/49676409,TMLS,2176409,N,Y,35.9650062,-78.8322018
PAST SALE,June-22-2018,Single Family Residential,11 Tabernacle Ct,Durham,NC,27703,266000,3,2.5,Orchard Ridge,2500,5357,2012,700,106,58,Sold,,,http://www.redfin.com/NC/Durham/11-Tabernacle-Ct-27703/home/43613430,TMLS,2181001,N,Y,35.9577041,-78.8248368
PAST SALE,November-22-2017,Single Family Residential,634 Hiddenbrook Dr,Durham,NC,27703,268315,3,2.5,Sherron Farms,2213,5924,2017,912,121,45,Sold,,,http://www.redfin.com/NC/Durham/634-Hiddenbrook-Dr-27703/home/142905685,TMLS,2140455,N,Y,35.967554,-78.796589
PAST SALE,June-30-2017,Single Family Residential,2653 Magnolia Tree Ln,Durham,NC,27703,259000,3,2.5,Rustica Oaks,2342,5357,2014,1057,111,35,Sold,,,http://www.redfin.com/NC/Durham/2653-Magnolia-Tree-Ln-27703/home/49676682,TMLS,2075143,N,Y,35.9471748,-78.8797298
PAST SALE,April-16-2018,Townhouse,611 Libson St,Durham,NC,27703,251750,3,2.5,Davis Park,1892,3484,2013,767,133,159,Sold,,,http://www.redfin.com/NC/Durham/611-Libson-St-27703/home/49676189,TMLS,2176247,N,Y,35.881972,-78.8662948
PAST SALE,May-9-2019,Single Family Residential,4315 Holder Rd,Durham,NC,27703,260000,3,2.5,Durham,2037,30056,1977,379,128,,Sold,,,http://www.redfin.com/NC/Durham/4315-Holder-Rd-27703/home/43566125,TMLS,2242339,N,Y,35.9692614,-78.8181998
PAST SALE,April-30-2019,Single Family Residential,2047 October Dr,Durham,NC,27703,275000,3,2.5,Hanover Pointe,2420,4791,2014,388,114,44,Sold,,,http://www.redfin.com/NC/Durham/2047-October-Dr-27703/home/103501935,TMLS,2239591,N,Y,35.9644382,-78.8357206
PAST SALE,May-10-2019,Single Family Residential,1050 Spacious Skies Ln,Durham,NC,27703,270000,3,2.5,Hanover Pointe,1995,4399,2015,378,135,44,Sold,,,http://www.redfin.com/NC/Durham/1050-Spacious-Skies-Ln-27703/home/88736499,TMLS,2243017,N,Y,35.9632103,-78.8369593
PAST SALE,August-16-2019,Single Family Residential,2052 October Dr,Durham,NC,27703,267000,3,2.5,Hanover Pointe,1941,4573,2014,280,138,44,Sold,,,http://www.redfin.com/NC/Durham/2052-October-Dr-27703/home/103501925,TMLS,2266606,N,Y,35.9648655,-78.8358389
PAST SALE,June-6-2019,Single Family Residential,2045 Tanners Mill Dr,Durham,NC,27703,271500,3,2.5,Hanover Pointe,2013,4356,2016,351,135,11,Sold,,,http://www.redfin.com/NC/Durham/2045-Tanners-Mill-Dr-27703/home/103635423,TMLS,2250426,N,Y,35.9657471,-78.8368856
PAST SALE,March-19-2020,Single Family Residential,804 Ember Dr,Durham,NC,27703,260000,3,2.0,Brightwood Trails,1510,8276,2010,64,172,45,Sold,,,http://www.redfin.com/NC/Durham/804-Ember-Dr-27703/home/43603186,TMLS,2297367,N,Y,35.9635764,-78.8035386
PAST SALE,,Townhouse,548 SMALLWOOD DR,DURHAM,NC,27703,273000,3,2.5,,1819,3615,2018,,150,,,,,http://www.redfin.com/NC/DURHAM/548-SMALLWOOD-DR-27703/home/144154092,,,N,Y,35.9131,-78.823854
PAST SALE,May-23-2017,Single Family Residential,1909 Nellora Ln Lot 140,Durham,NC,27703,254435,3,2.5,Brightwood Trails,2148,8581,2017,1095,118,35,Sold,,,http://www.redfin.com/NC/Durham/1909-Nellora-Ln-27703/unit-140/home/161370402,TMLS,2119010,N,Y,35.9652792,-78.7995253
PAST SALE,June-29-2017,Townhouse,706 Brier Crossings Loop,Durham,NC,27703,270000,3,2.5,Townes at Brier Creek Crossing,1720,2178,2016,1058,157,123,Sold,,,http://www.redfin.com/NC/Durham/706-Brier-Crossings-Loop-27703/home/59280513,TMLS,2127493,N,Y,35.9214793,-78.7827565
PAST SALE,August-14-2017,Townhouse,338 Brier Crossings Loop,Durham,NC,27703-9834,265000,3,2.5,Townes at Brier Creek Crossing,1783,2613,2014,1012,149,123,Sold,,,http://www.redfin.com/NC/Durham/338-Brier-Crossings-Loop-27703/home/59280458,TMLS,2135610,N,Y,35.921816,-78.781386
PAST SALE,March-29-2018,Single Family Residential,324 Rondelay Dr,Durham,NC,27703,250000,3,2.5,Ravenstone,2228,10062,2007,785,112,49,Sold,,,http://www.redfin.com/NC/Durham/324-Rondelay-Dr-27703/home/43611541,TMLS,2174001,N,Y,35.9665981,-78.7876638
PAST SALE,March-8-2018,Single Family Residential,2217 Tanners Mill Dr,Durham,NC,27703,252900,3,2.5,Hanover Pointe,2424,3615,2013,806,104,40,Sold,,,http://www.redfin.com/NC/Durham/2217-Tanners-Mill-Dr-27703/home/44635001,TMLS,2170091,N,Y,35.9655513,-78.8319158
PAST SALE,,Single Family Residential,3823 Wake Forest Hwy,Durham,NC,27703,265000,3,1.0,,3071,91563,1952,,86,,,,,http://www.redfin.com/NC/Durham/3823-Wake-Forest-Hwy-27703/home/52750268,,,N,Y,35.981138,-78.8181113
PAST SALE,June-14-2018,Single Family Residential,2411 Pear Tree Ln,Durham,NC,27703,266000,3,2.5,Wyndmoor at the Park,2400,5600,2011,708,111,30,Sold,,,http://www.redfin.com/NC/Durham/2411-Pear-Tree-Ln-27703/home/43612942,TMLS,2190547,N,Y,35.9446727,-78.8753022
PAST SALE,June-16-2017,Single Family Residential,214 Dogwood Blossoms Dr,Durham,NC,27703,264133,3,2.5,Rustica Oaks,2231,5052,2017,1071,118,35,Sold,,,http://www.redfin.com/NC/Durham/214-Dogwood-Blossoms-Dr-27703/home/110075101,TMLS,2115277,N,Y,35.9480104,-78.8774303
PAST SALE,March-7-2019,Townhouse,106 Zante Currant Rd,Durham,NC,27703,268828,3,2.5,Durham,1811,2613,2018,442,148,132,Sold,,,http://www.redfin.com/NC/Durham/106-Zante-Currant-Rd-27703/home/110075748,TMLS,2178774,N,Y,35.9440362,-78.8716491
PAST SALE,June-29-2018,Single Family Residential,110 N Hyde Park Ave,Durham,NC,27703,264900,3,2.0,Durham,1300,7840,1927,693,204,,Sold,,,http://www.redfin.com/NC/Durham/110-N-Hyde-Park-Ave-27703/home/43527761,TMLS,2193942,N,Y,35.9862039,-78.8815736
PAST SALE,December-8-2017,Townhouse,221 Westgrove Ct,Durham,NC,27703,258000,3,2.5,Brier Village,2000,3484,2012,896,129,133,Sold,,,http://www.redfin.com/NC/Durham/221-Westgrove-Ct-27703/home/43613240,TMLS,2159029,N,Y,35.9202363,-78.8151024
PAST SALE,March-29-2018,Townhouse,2806 Evanston Ave,Durham,NC,27703,258000,3,2.5,Brier Village,2000,435,2011,785,129,128,Sold,,,http://www.redfin.com/NC/Durham/2806-Evanston-Ave-27703/home/43612757,TMLS,2170723,N,Y,35.9205665,-78.8168281
PAST SALE,May-30-2018,Single Family Residential,3513 Appling Way,Durham,NC,27703,275000,3,2.5,Magnolia Place,2044,13460,2002,723,135,40,Sold,,,http://www.redfin.com/NC/Durham/3513-Appling-Way-27703/home/43589132,TMLS,2186209,N,Y,35.9305694,-78.8226858
PAST SALE,April-23-2018,Townhouse,235 Westgrove Ct,Durham,NC,27703,265000,3,2.5,Brier Village,2042,4094,2011,760,130,133,Sold,,,http://www.redfin.com/NC/Durham/235-Westgrove-Ct-27703/home/43612793,TMLS,2178823,N,Y,35.9202321,-78.8160648
PAST SALE,April-23-2018,Townhouse,607 Smallwood Dr,Durham,NC,27703,271435,3,2.5,Durham,1742,,2017,760,156,125,Sold,,,http://www.redfin.com/NC/DURHAM/607-SMALLWOOD-DR-27703/home/145695333,TMLS,2139804,N,Y,35.912653,-78.824387
PAST SALE,July-26-2018,Townhouse,207 Zante Currant Rd,Durham,NC,27703,268346,3,2.5,Durham,1820,3484,2018,666,147,132,Sold,,,http://www.redfin.com/NC/Durham/207-Zante-Currant-Rd-27703/home/110076129,TMLS,2152065,N,Y,35.9453149,-78.872316
PAST SALE,July-24-2018,Townhouse,130 Zante Currant Rd,Durham,NC,27703,250787,3,2.5,Durham,1820,3484,2018,668,138,132,Sold,,,http://www.redfin.com/NC/Durham/130-Zante-Currant-Rd-27703/home/110075705,TMLS,2168915,N,Y,35.9447862,-78.8717112
PAST SALE,August-24-2018,Single Family Residential,2105 Pear Tree Ln,Durham,NC,27703,250000,3,2.5,Wyndmoor at the Park,2080,5662,2011,637,120,30,Sold,,,http://www.redfin.com/NC/Durham/2105-Pear-Tree-Ln-27703/home/43613287,TMLS,2205068,N,Y,35.9450897,-78.8790439
PAST SALE,April-1-2019,Single Family Residential,1820 Rustica Dr,Durham,NC,27713-1319,260000,3,2.5,Rustica Oaks,2096,7448,2014,417,124,38,Sold,,,http://www.redfin.com/NC/Durham/1820-Rustica-Dr-27713/home/49676680,TMLS,2239662,N,Y,35.9470325,-78.8806805
PAST SALE,January-30-2019,Single Family Residential,720 Weathervane Dr,Durham,NC,27703,265000,3,2.5,Ravenstone,2602,10018,2006,478,102,48,Sold,,,http://www.redfin.com/NC/Durham/720-Weathervane-Dr-27703/home/43597749,TMLS,2217636,N,Y,35.9687471,-78.7895228
PAST SALE,September-19-2019,Single Family Residential,5100 Huxey Glenn Ct,Durham,NC,27703,275000,3,2.5,Ashley Forest,2261,9147,1993,246,122,35,Sold,,,http://www.redfin.com/NC/Durham/5100-Huxey-Glenn-Ct-27703/home/43564183,TMLS,2270635,N,Y,35.9268619,-78.8243501
PAST SALE,September-20-2019,Townhouse,114 Brier Crossings Loop,Durham,NC,27703,264000,3,2.5,Townes at Brier Creek Crossing,1723,1916,2015,245,153,148,Sold,,,http://www.redfin.com/NC/Durham/114-Brier-Crossings-Loop-27703/home/103501901,TMLS,2269102,N,Y,35.9242771,-78.7815571
PAST SALE,October-11-2019,Townhouse,110 Torrey Heights Ln,Durham,NC,27703,267000,3,2.5,Brier Village,1887,3484,2012,224,141,128,Sold,,,http://www.redfin.com/NC/Durham/110-Torrey-Heights-Ln-27703/home/49676216,TMLS,2272141,N,Y,35.9204893,-78.8142174
PAST SALE,May-10-2019,Single Family Residential,123 Green Gables Way,Durham,NC,27703,273850,3,2.0,Sherron Farms,1772,9365,2018,378,155,45,Sold,,,http://www.redfin.com/NC/Durham/123-Green-Gables-Way-27703/home/146469795,TMLS,2207864,N,Y,35.968236,-78.798047
PAST SALE,,Townhouse,107 Torpoint Rd,Durham,NC,27703,268000,3,2.5,,1845,2657,2015,,145,,,,,http://www.redfin.com/NC/Durham/107-Torpoint-Rd-27703/home/104288031,,,N,Y,35.944133,-78.870941
PAST SALE,October-25-2019,Single Family Residential,3003 September Dr,Durham,NC,27703,265000,3,2.5,Hanover Pointe,1922,3571,2013,210,138,44,Sold,,,http://www.redfin.com/NC/Durham/3003-September-Dr-27703/home/49676428,TMLS,2262231,N,Y,35.965093,-78.8324025
PAST SALE,February-27-2020,Single Family Residential,133 Leacroft Way,Durham,NC,27703,255000,3,2.5,Grove Park,1872,12632,1997,85,136,52,Sold,,,http://www.redfin.com/NC/Durham/133-Leacroft-Way-27703/home/43568738,TMLS,2293590,N,Y,35.9715984,-78.820722
PAST SALE,May-27-2019,Townhouse,1019 Fitchie Pl #281,Durham,NC,27703,259580,3,2.5,Durham,1682,1742,2018,361,154,164,Sold,,,http://www.redfin.com/NC/Durham/1019-Fitchie-PL-27703/unit-281/home/146997122,TMLS,2214117,N,Y,35.9450797373161,-78.8592492538452
PAST SALE,September-16-2019,Single Family Residential,2013 October Dr,Durham,NC,27703,275000,3,2.5,Hanover Pointe,1998,4791,2014,249,138,44,Sold,,,http://www.redfin.com/NC/Durham/2013-October-Dr-27703/home/65111790,TMLS,2266176,N,Y,35.9642143,-78.8341168
PAST SALE,March-15-2019,Single Family Residential,610 N Hyde Park,Durham,NC,27703,250000,3,2.0,Durham,1245,8276,1940,434,201,,Sold,,,http://www.redfin.com/NC/Durham/610-N-Hyde-Park-Ave-27703/home/43525709,TMLS,2231409,N,Y,35.9922558,-78.8816313
PAST SALE,,Single Family Residential,621 Starry Sky Dr,Durham,NC,27703,268000,3,2.5,,2476,6970,2018,,108,,,,,http://www.redfin.com/NC/Durham/621-Starry-Sky-Dr-27703/home/148738372,,,N,Y,35.968458,-78.797572
PAST SALE,April-12-2019,Single Family Residential,2819 Skybrook Ln,Durham,NC,27703,269000,3,2.5,Bradbury,2232,5227,2006,406,121,19,Sold,,,http://www.redfin.com/NC/Durham/2819-Skybrook-Ln-27703/home/43601023,TMLS,2240931,N,Y,35.9257446,-78.8294602
PAST SALE,January-25-2018,Single Family Residential,1122 Meadow Wood Dr,Durham,NC,27703,256969,3,2.5,Rustica Oaks,2220,6185,2018,848,116,38,Sold,,,http://www.redfin.com/NC/Durham/1122-Meadow-Wood-Dr-27703/home/110075055,TMLS,2196122,N,Y,35.9506898,-78.8759556
PAST SALE,February-24-2020,Single Family Residential,2001 October Dr,Durham,NC,27703-7824,268500,3,2.5,Hanover Pointe,2016,7405,2013,88,133,44,Sold,,,http://www.redfin.com/NC/Durham/2001-October-Dr-27703/home/65112052,TMLS,2287797,N,Y,35.9648321,-78.8337629
PAST SALE,June-5-2017,Single Family Residential,209 Dogwood Blossoms Dr,Durham,NC,27703,272000,3,2.5,Rustica Oaks,2354,6272,2016,1082,116,35,Sold,,,http://www.redfin.com/NC/Durham/209-Dogwood-Blossoms-Dr-27703/home/110075150,TMLS,2089109,N,Y,35.9480704,-78.8767228
PAST SALE,July-17-2017,Townhouse,108 Brier Summit Pl Unit 1003C,Durham,NC,27703,270000,3,3.5,Durham,2417,2613,2017,1040,112,125,Sold,,,http://www.redfin.com/NC/Durham/108-Brier-Summit-Pl-27703/unit-1003C/home/161175509,TMLS,2123569,N,Y,35.914103,-78.824451
PAST SALE,October-24-2017,Single Family Residential,1805 Rustica Dr,Durham,NC,27713,267949,3,2.5,Rustica Oaks,2400,6534,2017,941,112,35,Sold,,,http://www.redfin.com/NC/Durham/1805-Rustica-Dr-27713/home/49676689,TMLS,2125155,N,Y,35.9471027,-78.8818158
